Pos-Nr. (Pos- Nr.),Menge,Einheit,Einheitspreis in EUR,Gesamtpreis in EUR
,Ergänzung der Angebotsanforderung,,,
,Ergänzung der Angebotsanforderung,,,
,In diesem Leistungsverzeichnis verwendete Einheiten cm Zentimeter,,,
,cm2 Quadratzentimeter,,,
,d Tag,,,
,h Stunde,,,
,Jr Jahr,,,
,kg Kilogramm,,,
,km Kilometer,,,
,km2 Quadratkilometer,,,
,kwh Kilowattstunde,,,
,l Liter,,,
,m Meter,,,
,m2 Quadratmeter,,,
,m3 Kubikmeter,,,
,Mt Monat,,,
,psch Pauschal,,,
,St Stück,,,
,t Tonne,,,
,Wo Wochen,,,
,md m x Tag,,,
,mMt m x Monat,,,
,mWo m x Woche,,,
,m2d m2 X Tag,,,
,m2Mt m2 x Monat,,,
,m2Wo m2 x Woche,,,
,m3d m3 x Tag,,,
,m3Mt m3 x Monat,,,
,m3Wo m3 X Woche,,,
,Sth Stück x Stunde,,,
,std Stück x Tag,,,
,StMt Stück x Monat,,,
,StWo Stück x Woche,,,
,St/M Stück pro Monat,,,
,St/J Stück pro Jahr,,,
