Menge Einheit Einheitspreis in EUR,Gesamtpreis EUR
"*** Wiederholungsbeschreibung zu Bezugs-OZ 2.14.1 Luftltg rund PP AD 140mm H 3,5-5m Aufhänge-/Auflagekonstruktion schallg. STLB-Bau 2023-10 075 3621 Außendurchmesser 140 mm, Montagehöhe über Gelände/Fußboden über 3,5 bis 5 m,",
"*** Wiederholungsbeschreibung zu Bezugs-OZ 2.14.1 Luftltg rund PP AD 160mm H bis 3,5m Aufhänge-/Auflagekonstruktion schallg. STLB-Bau 2023-10 075 3621 Außendurchmesser 160 mm,",
"135,000 m *** Wiederholungsbeschreibung zu Bezugs-OZ 2.14.1 Luftltg rund PP AD 160mm H 3,5-5m Aufhänge-/Auflagekonstruktion schallg. STLB-Bau 2023-10 075 3621 Außendurchmesser 160 mm, Montagehöhe über Gelände/Fußboden über 3,5 bis 5 m,",
"135,000 m *** Wiederholungsbeschreibung zu Bezugs-OZ 2.14.1 Luftltg rund PP AD 180mm H bis 3,5m Aufhänge-/Auflagekonstruktion schallg. STLB-Bau 2023-10 075 3621 Außendurchmesser 180 mm,",
"20,000 m *** Wiederholungsbeschreibung zu Bezugs-OZ 2.14.1 Luftltg rund PP AD 200mm H bis 3,5m Aufhänge-/Auflagekonstruktion schallg.",
"STLB-Bau 2023-10 075 3621 Außendurchmesser 200 mm,",
"105,000 m *** Wiederholungsbeschreibung zu Bezugs-OZ 2.14.1 Luftltg rund PP AD 200mm H 3,5-5m Aufhänge-/Auflagekonstruktion schallg. STLB-Bau 2023-10 075 3621 Außendurchmesser 200 mm, Montagehöhe über Gelände/Fußboden über 3,5 bis 5 m,",
"105,000 m *** Wiederholungsbeschreibung zu Bezugs-OZ 2.14.1 Luftltg rund PP AD 225mm H 3,5-5m Aufhänge-/Auflagekonstruktion schallg. STLB-Bau 2023-10 075 3621 Außendurchmesser 225 mm, Montagehöhe über Gelände/Fußboden über 3,5 bis 5 m,",
"15,000 m *** Wiederholungsbeschreibung zu Bezugs-OZ 2.14.1 Luftltg rund PP AD 250mm H bis 3,5m Aufhänge-/Auflagekonstruktion schallg. STLB-Bau 2023-10 075 3621 Außendurchmesser 250 mm,",
"100,000 m *** Wiederholungsbeschreibung zu Bezugs-OZ 2.14.1 Luftltg rund PP AD 250mm H 3,5-5m Aufhänge-/Auflagekonstruktion schallg. STLB-Bau 2023-10 075 3621 Außendurchmesser 250 mm, Montagehöhe über Gelände/Fußboden über 3,5 bis 5 m, 100,000 m",
"*** Wiederholungsbeschreibung zu Bezugs-OZ 2.14.1 Luftltg rund PP AD 280mm H 3,5-5m Aufhänge-/Auflagekonstruktion schallg. STLB-Bau 2023-10 075 3621 Außendurchmesser 280 mm, Montagehöhe über Gelände/Fußboden über 3,5 bis 5 m,",
