Pos-Nr. Nr.),Menge,Einheit,Einheitspreis in
,"EUR EUR Dichtheitsprüfung von Luftleitungen, vor Ort, im eingebauten Zustand, Prüffläche ca. 150 m², DIN EN 14239, Luftleitung rechteckig, Luftdichtheitsklasse ATC3 DIN EN 16798-3, mit bis zu 20 Öffnungen, Querschnittsbereich bis 5,6 m², Höhe über Gelände/Fußboden über 2 bis 5,5 m, einschl. der Bereitstellung aller erforderlichen Geräte, Materialien, Fachpersonal und Prüfbericht.","EUR EUR Dichtheitsprüfung von Luftleitungen, vor Ort, im eingebauten Zustand, Prüffläche ca. 150 m², DIN EN 14239, Luftleitung rechteckig, Luftdichtheitsklasse ATC3 DIN EN 16798-3, mit bis zu 20 Öffnungen, Querschnittsbereich bis 5,6 m², Höhe über Gelände/Fußboden über 2 bis 5,5 m, einschl. der Bereitstellung aller erforderlichen Geräte, Materialien, Fachpersonal und Prüfbericht.","EUR EUR Dichtheitsprüfung von Luftleitungen, vor Ort, im eingebauten Zustand, Prüffläche ca. 150 m², DIN EN 14239, Luftleitung rechteckig, Luftdichtheitsklasse ATC3 DIN EN 16798-3, mit bis zu 20 Öffnungen, Querschnittsbereich bis 5,6 m², Höhe über Gelände/Fußboden über 2 bis 5,5 m, einschl. der Bereitstellung aller erforderlichen Geräte, Materialien, Fachpersonal und Prüfbericht."
,"Über die Druck- und Dichtheitsprüfung ist vom Auftragnehmer ein Protokoll zu erstellen, das vom Auftragnehmer und vom Auftraggeber bzw. dessen Beauftragten zu unterschreiben ist. Die Unterschrift des Auftraggebers bzw. dessen Beauftragten ist vom AN einzuholen.","Über die Druck- und Dichtheitsprüfung ist vom Auftragnehmer ein Protokoll zu erstellen, das vom Auftragnehmer und vom Auftraggeber bzw. dessen Beauftragten zu unterschreiben ist. Die Unterschrift des Auftraggebers bzw. dessen Beauftragten ist vom AN einzuholen.","Über die Druck- und Dichtheitsprüfung ist vom Auftragnehmer ein Protokoll zu erstellen, das vom Auftragnehmer und vom Auftraggeber bzw. dessen Beauftragten zu unterschreiben ist. Die Unterschrift des Auftraggebers bzw. dessen Beauftragten ist vom AN einzuholen."
,"92,000 St","92,000 St","92,000 St"
5.1.11,"Dichtheitsprüfung/ Druckprüfung Luftleitung, PPs, bis 3000Pa Luftleitungen aus Kunststoff PPs, max. Betriebsüber-/-unterdruck >1000 Pa bis 3000 Pa,","Dichtheitsprüfung/ Druckprüfung Luftleitung, PPs, bis 3000Pa Luftleitungen aus Kunststoff PPs, max. Betriebsüber-/-unterdruck >1000 Pa bis 3000 Pa,","Dichtheitsprüfung/ Druckprüfung Luftleitung, PPs, bis 3000Pa Luftleitungen aus Kunststoff PPs, max. Betriebsüber-/-unterdruck >1000 Pa bis 3000 Pa,"
,"DIN EN 14239, Luftleitung rechteckig, Luftdichtheitsklasse ATC3 DIN EN 16798-3, mit bis zu 18 Öffnungen, Querschnittsbereich bis 4,7 m², Höhe über Fußboden über 2 m bis 5,5 m","DIN EN 14239, Luftleitung rechteckig, Luftdichtheitsklasse ATC3 DIN EN 16798-3, mit bis zu 18 Öffnungen, Querschnittsbereich bis 4,7 m², Höhe über Fußboden über 2 m bis 5,5 m","DIN EN 14239, Luftleitung rechteckig, Luftdichtheitsklasse ATC3 DIN EN 16798-3, mit bis zu 18 Öffnungen, Querschnittsbereich bis 4,7 m², Höhe über Fußboden über 2 m bis 5,5 m"
5.1.12,"Dichtheitsprüfung/ Druckprüfung Luftleitung, PPs-el, bis 3000Pa Luftleitungen aus Kunststoff PPs-el, max. Betriebsüber-/-unterdruck >1000 Pa bis 3000 Pa,","Dichtheitsprüfung/ Druckprüfung Luftleitung, PPs-el, bis 3000Pa Luftleitungen aus Kunststoff PPs-el, max. Betriebsüber-/-unterdruck >1000 Pa bis 3000 Pa,","Dichtheitsprüfung/ Druckprüfung Luftleitung, PPs-el, bis 3000Pa Luftleitungen aus Kunststoff PPs-el, max. Betriebsüber-/-unterdruck >1000 Pa bis 3000 Pa,"
,"Dichtheitsprüfung von Luftleitungen, vor Ort, im eingebauten Zustand, Prüffläche ca. 70 m², DIN EN 14239, Luftleitung rechteckig, Luftdichtheitsklasse ATC3 DIN EN 16798-3, mit bis zu 14 Öffnungen, Querschnittsbereich bis 1,9 m², Höhe über Fußboden über 2 m bis 5,5 m","Dichtheitsprüfung von Luftleitungen, vor Ort, im eingebauten Zustand, Prüffläche ca. 70 m², DIN EN 14239, Luftleitung rechteckig, Luftdichtheitsklasse ATC3 DIN EN 16798-3, mit bis zu 14 Öffnungen, Querschnittsbereich bis 1,9 m², Höhe über Fußboden über 2 m bis 5,5 m","Dichtheitsprüfung von Luftleitungen, vor Ort, im eingebauten Zustand, Prüffläche ca. 70 m², DIN EN 14239, Luftleitung rechteckig, Luftdichtheitsklasse ATC3 DIN EN 16798-3, mit bis zu 14 Öffnungen, Querschnittsbereich bis 1,9 m², Höhe über Fußboden über 2 m bis 5,5 m"
