Pos-Nr. Nr.),Menge Einheit,Einheitspreis in EUR,Gesamtpreis in EUR
,"größter DN 200, Montagehöhe über Gelände/Fußboden über 3,5 bis 4,000 St *** Wiederholungsbeschreibung zu Bezugs-OZ 2.18.34 Übergangsstück Luftleitg rund konisch Stahl verz DN355 H 3,5-5m STLB-Bau 2023-10 075 3624","5 m,",
2.18.39 2.18.40 2.18.41,"größter DN 355, Montagehöhe über Gelände/Fußboden über 3,5 bis 5 *** Wiederholungsbeschreibung zu Übergangsstück Luftleitg rund konisch STLB-Bau 2023-10 075 3624 größter DN 450, Montagehöhe über 1,000 St *** Bezugsbeschreibung Abzweigstück Luftleitg rund 90Grad STLB-Bau 2023-10 075 3624 Abzweigstück, für Luftleitung, rund, DIN EN 1506, aus verzinktem Stahl, Spannschelle und Spannschloss, aus geförderten Luft -15 bis 40 Grad C, Gelände/Fußboden bis 3,5 m, mit befestigen mit Befestigungsmitteln mit","m, 2,000 St Bezugs-OZ 2.18.34 Stahl verz DN450 H 3,5-5m Gelände/Fußboden über 3,5 bis 5 m, Stahl verz DN125 H bis 3,5m Luftdichtheitsklasse ATC2 DIN EN 16798-3, größter DN 125, mit Flansch, mit Stahl, mit Schrauben und Dichtung, min./max. Druckbereich von -750 bis 2000 Pa, Aufhänge-/Auflagekonstruktion DIN EN 12236, bauaufsichtlichem Nachweis einschl.","90 Grad, Maße Flanschverbinder, mit Temperatur der Montagehöhe über schallgedämmt, Bohrungen,"
2.18.42,"*** Wiederholungsbeschreibung zu Bezugs-OZ 2.18.41 Abzweigstück Luftleitg rund 90Grad Stahl verz DN125 H 3,5-5m STLB-Bau 2023-10 075 3624 Montagehöhe über Gelände/Fußboden über 3,5 bis 5 m, 4,000 St *** Wiederholungsbeschreibung zu Bezugs-OZ 2.18.41 Abzweigstück Luftleitg rund 90Grad Stahl verz DN200 H 3,5-5m",,
2.18.43,"STLB-Bau 2023-10 075 3624 größter DN 200, Montagehöhe über Gelände/Fußboden über 3,5","5 m,",
,"bis 4,000 St *** Wiederholungsbeschreibung zu Bezugs-OZ 2.18.41 Abzweigstück Luftleitg rund 90Grad Stahl verz DN450 H 3,5-5m STLB-Bau 2023-10 075 3624","m, ATC2 DIN EN 16798-3, aus -15 bis 40 Grad C, 3,5 bis 5 m, mit Aufhänge-/ mit Befestigungsmitteln Stahlbeton.",verzinktem Druckbereich von
2.18.44,"größter DN 450, Montagehöhe über Gelände/Fußboden über 3,5 bis 5","St Luftleitg rund Stahl verz DN125 H 3,5-5m 2023-10 075 3624 für Luftleitung, rund, Luftdichtheitsklasse DN 125, min./max. Temperatur der geförderten Luft 2000 Pa, Montagehöhe über Gelände/Fußboden über DIN EN 12236, schallgedämmt, befestigen Nachweis einschl. Bohrungen, Befestigungsuntergrund",mit
2.18.45,"1,000 Bundkragen STLB-Bau Bundkragen, Stahl, -750 bis Auflagekonstruktion bauaufsichtlichem",St,
,"3,000",,
