Pos-Nr. (Pos- Nr.),Menge Registern,Einheit ab und übergibt das erforderliche,Einheitspreis in EUR Glykol-Wassergemisch an den Auftragnehmer des KV-Systems und,Gesamtpreis in EUR entlüftet bei
,Kälteanlagen. Das Gewerk Kälteanlagen übernimmt die Befüllung Erfordernis das Rohrleitungssystem. Das Gewerk Kälteanlagen erstellt ein Protokoll über den Füllvorgang mit Unterschrift Auftragnehmer Kälteanlagen und Auftragnehmer Lüftungsanlagen zur Vorlage bei der Objektüberwachung TGA.,Kälteanlagen. Das Gewerk Kälteanlagen übernimmt die Befüllung Erfordernis das Rohrleitungssystem. Das Gewerk Kälteanlagen erstellt ein Protokoll über den Füllvorgang mit Unterschrift Auftragnehmer Kälteanlagen und Auftragnehmer Lüftungsanlagen zur Vorlage bei der Objektüberwachung TGA.,Kälteanlagen. Das Gewerk Kälteanlagen übernimmt die Befüllung Erfordernis das Rohrleitungssystem. Das Gewerk Kälteanlagen erstellt ein Protokoll über den Füllvorgang mit Unterschrift Auftragnehmer Kälteanlagen und Auftragnehmer Lüftungsanlagen zur Vorlage bei der Objektüberwachung TGA.,Kälteanlagen. Das Gewerk Kälteanlagen übernimmt die Befüllung Erfordernis das Rohrleitungssystem. Das Gewerk Kälteanlagen erstellt ein Protokoll über den Füllvorgang mit Unterschrift Auftragnehmer Kälteanlagen und Auftragnehmer Lüftungsanlagen zur Vorlage bei der Objektüberwachung TGA.
,"2,000",St,,
,Entgasung,KVS,,
,Entgasung,KVS,,
