Pos-Nr. (Pos- Nr.),"Menge Decke befestigt, im Gebäude, Werkstoffstärke mind. 2,5 mm,","Einheit Einheitspreis in EUR Schienenhöhe mind. 60 mm, Schienenbreite mind. 40 mm, für",Gesamtpreis in EUR 10025-2 Werkstoff-Nr
6.1.7,"1.0038 wie zuvor beschrieben, jedoch für 3.100,000 kg *** Wiederholungsbeschreibung zu Bezugs-OZ 6.1.3 EG Labore: Montage-Systemschienen S235JR Einzelmasse","Rohrleitungstrassen, Stahl S235JR DIN EN 1.OG. 3,5 kg/m verzinkt","m an der mm,"
6.1.8,"3.100,000 kg Rechnerischer Rechnerischer Gewerke: Heizung,","Nachweis der Tragfähigkeit 4.OG Nachweis der Tragfähigkeit der Systemschienen im 4.OG nach Zuarbeit Kälte, Sanitär, Technische Gase, VE-Wasser, MSR",folgender
6.1.9,"1,000 Gewerke: Heizung,","St Rechnerischer Nachweis der Tragfähigkeit 3.OG Rechnerischer Nachweis der Tragfähigkeit der Systemschienen im 3.OG nach Zuarbeit Kälte, Sanitär, Technische Gase, VE-Wasser, MSR",folgender
6.1.10,,"1,000 St Rechnerischer Nachweis der Tragfähigkeit 2.OG Rechnerischer Nachweis der Tragfähigkeit der Systemschienen im 2.OG nach Zuarbeit Gewerke: Heizung, Kälte, Sanitär, Technische Gase, VE-Wasser, MSR",folgender
6.1.11,,"1,000 St Rechnerischer Nachweis der Tragfähigkeit 1.OG Rechnerischer Nachweis der Tragfähigkeit der Systemschienen im 1.OG nach Zuarbeit Gewerke: Heizung, Kälte, Sanitär, Technische Gase, VE-Wasser, MSR",folgender
6.1.12,"1,000 Gewerke: Heizung,","St Rechnerischer Nachweis der Tragfähigkeit EG Rechnerischer Nachweis der Tragfähigkeit der Systemschienen im EG nach Zuarbeit Kälte, Sanitär, Technische Gase, VE-Wasser, MSR",folgender
6.1.13,"1,000 Zuarbeit Im im UG Der AN leisten: - - Raum / In der",St abzuhängende Deckenlasten für Systemschienen anderer Gewerke Leistungsumfang KKE 4004 Heizung / Kälte sind die Systemschienen zur Anbringung enthalten. Diese Systemschienen sind durch den AN bei der Befestigung zu muss eine Zuarbeit an den AN KKE4004 mit der Angabe der abzuhängenden Medium/DN/kg/m Deckenlast Position sind alle Leistungen zur Abstimmung der Befestigung an den Systemschienen einzukalkulieren.,an der Decke nutzen. Deckenlasten
6.1.14,und der Reinigung nach Erstellen,"der Kernbohrung. *** Bezugsbeschreibung Kernbohrung Stahlbeton Durchm. 100-150mm T 20-25cm nicht schadstoffbelastet Kernbohrung, senkrecht zur Untergrundfläche, Untergrundfläche senkrecht, aus Stahlbeton oder Mauerwerk, Bohrdurchmesser über 100 bis 150 mm, Bohrtiefe über 20 einschl. Lösen des Bohrkerns aus dem Gefüge, Arbeitshöhe bis 5 m, Geräteeinsatz Ausführung innerhalb des Bauwerks, aufgenommene Stoffe zur Entsorgung sortieren, Zerkleinerung auf LKW des AN laden, transportieren und fachgerecht entsorgen.","bewehrtem bis 25 cm, ist möglich, sammeln, ohne"
