,,LV-Datum:,25.10.2024
Nr.),"EUR EUR Schalldruckpegel in allen Räumen. Die zum Nachweis von Funktionen und Verteilung erforderlichen Hilfsmittel (z. B. Rauchproben) stellt der AN, die Messgeräte sind vom AN zur Verfügung zu stellen. Es wird darauf hingewiesen, dass in allen Räumen, sowohl in den Laboratorien als auch in Besprechungsräumen und Technikräumen eine Messung des Schallpegels im Rahmen der Endabnahme gefordert wird. Insgesamt sind dies ca. 170 Räume. Die Funktionsmessungen sind vom Auftragnehmer zu protokollieren und zu unterzeichnen. Das Protokoll ist dem Auftraggebers bzw. dessen Beauftragten zur Kenntnis zu übergeben.","EUR EUR Schalldruckpegel in allen Räumen. Die zum Nachweis von Funktionen und Verteilung erforderlichen Hilfsmittel (z. B. Rauchproben) stellt der AN, die Messgeräte sind vom AN zur Verfügung zu stellen. Es wird darauf hingewiesen, dass in allen Räumen, sowohl in den Laboratorien als auch in Besprechungsräumen und Technikräumen eine Messung des Schallpegels im Rahmen der Endabnahme gefordert wird. Insgesamt sind dies ca. 170 Räume. Die Funktionsmessungen sind vom Auftragnehmer zu protokollieren und zu unterzeichnen. Das Protokoll ist dem Auftraggebers bzw. dessen Beauftragten zur Kenntnis zu übergeben.","EUR EUR Schalldruckpegel in allen Räumen. Die zum Nachweis von Funktionen und Verteilung erforderlichen Hilfsmittel (z. B. Rauchproben) stellt der AN, die Messgeräte sind vom AN zur Verfügung zu stellen. Es wird darauf hingewiesen, dass in allen Räumen, sowohl in den Laboratorien als auch in Besprechungsräumen und Technikräumen eine Messung des Schallpegels im Rahmen der Endabnahme gefordert wird. Insgesamt sind dies ca. 170 Räume. Die Funktionsmessungen sind vom Auftragnehmer zu protokollieren und zu unterzeichnen. Das Protokoll ist dem Auftraggebers bzw. dessen Beauftragten zur Kenntnis zu übergeben."
,"1,000 St Messung der Schallemmission Es sind durch die technischen Anlagen Grenzwerte für die Schallabstrahlung über die Außenluftansaug- und Ausblasöffnungen zu gewährleisten. Die Werte sind messtechnisch nachzuweisen.","1,000 St Messung der Schallemmission Es sind durch die technischen Anlagen Grenzwerte für die Schallabstrahlung über die Außenluftansaug- und Ausblasöffnungen zu gewährleisten. Die Werte sind messtechnisch nachzuweisen.","1,000 St Messung der Schallemmission Es sind durch die technischen Anlagen Grenzwerte für die Schallabstrahlung über die Außenluftansaug- und Ausblasöffnungen zu gewährleisten. Die Werte sind messtechnisch nachzuweisen."
5.3.7,Messung der Schallpegel an Außenluftansaugstelle Es ist die Einhaltung der maximal zugelassenen Schalldruckpegel in 1 m Entfernung von der Ansaugöffnung am Wetterschutzgitter nachzuweisen: (UK WSG an Fassade ca. 19 m über Gelände): Außenluft-Wetterschutzgitter in Lüftungszentrale: Schalldruckpegel (1m) Tag: </= 65 dB(A) Nacht: </= 60 dB(A) erforderliche Messgeräte,Messung der Schallpegel an Außenluftansaugstelle Es ist die Einhaltung der maximal zugelassenen Schalldruckpegel in 1 m Entfernung von der Ansaugöffnung am Wetterschutzgitter nachzuweisen: (UK WSG an Fassade ca. 19 m über Gelände): Außenluft-Wetterschutzgitter in Lüftungszentrale: Schalldruckpegel (1m) Tag: </= 65 dB(A) Nacht: </= 60 dB(A) erforderliche Messgeräte,Messung der Schallpegel an Außenluftansaugstelle Es ist die Einhaltung der maximal zugelassenen Schalldruckpegel in 1 m Entfernung von der Ansaugöffnung am Wetterschutzgitter nachzuweisen: (UK WSG an Fassade ca. 19 m über Gelände): Außenluft-Wetterschutzgitter in Lüftungszentrale: Schalldruckpegel (1m) Tag: </= 65 dB(A) Nacht: </= 60 dB(A) erforderliche Messgeräte
,"Nachweismessung, stellt der AN, mit Erstellung eines Protokolls. Aufwand je Messstelle","Nachweismessung, stellt der AN, mit Erstellung eines Protokolls. Aufwand je Messstelle","Nachweismessung, stellt der AN, mit Erstellung eines Protokolls. Aufwand je Messstelle"
5.3.8,Messung der Schallpegel an Ausblasöffnung,Messung der Schallpegel an Ausblasöffnung,Messung der Schallpegel an Ausblasöffnung
,"Es ist die Einhaltung der maximal zugelassenen Schalldruckpegel in 1 m Entfernung von den Ausblasöffnungen nachzuweisen: Ausblasstellen an den 8 Fortluftkaminen: Ausblas ca. +4,0 m über Attika Dach, Schalldruckpegel (1m) an den einzelnen Ausblasstellen: Tag: </=65 dB(A) Nacht (Teillast): < 55 dB(A)","Es ist die Einhaltung der maximal zugelassenen Schalldruckpegel in 1 m Entfernung von den Ausblasöffnungen nachzuweisen: Ausblasstellen an den 8 Fortluftkaminen: Ausblas ca. +4,0 m über Attika Dach, Schalldruckpegel (1m) an den einzelnen Ausblasstellen: Tag: </=65 dB(A) Nacht (Teillast): < 55 dB(A)","Es ist die Einhaltung der maximal zugelassenen Schalldruckpegel in 1 m Entfernung von den Ausblasöffnungen nachzuweisen: Ausblasstellen an den 8 Fortluftkaminen: Ausblas ca. +4,0 m über Attika Dach, Schalldruckpegel (1m) an den einzelnen Ausblasstellen: Tag: </=65 dB(A) Nacht (Teillast): < 55 dB(A)"
,"Nachweismessung, erforderliche Messgeräte stellt der AN, mit Erstellung eines Protokolls. Aufwand je Messstelle","Nachweismessung, erforderliche Messgeräte stellt der AN, mit Erstellung eines Protokolls. Aufwand je Messstelle","Nachweismessung, erforderliche Messgeräte stellt der AN, mit Erstellung eines Protokolls. Aufwand je Messstelle"
