Pos-Nr. (Pos- Nr.),Menge,"Einheitspreis in Gesamtpreis Stahl, Innenrohr perforiert,"
1.10.40,"Einheit EUR in EUR Luftdichtheitsklasse ATC2 DIN EN 16798-3, Außenrohr aus verzinktem aus verzinktem Stahl, Baustoffklasse DIN 4102-1 A (nichtbrennbar); DIN EN 13501-1 A1, A2 s1 d0 (nichtbrennbar), Verbindung mit Einsteckenden, mit Lippendichtung, geschraubt/genietet. Schalldämpfer","Einheit EUR in EUR Luftdichtheitsklasse ATC2 DIN EN 16798-3, Außenrohr aus verzinktem aus verzinktem Stahl, Baustoffklasse DIN 4102-1 A (nichtbrennbar); DIN EN 13501-1 A1, A2 s1 d0 (nichtbrennbar), Verbindung mit Einsteckenden, mit Lippendichtung, geschraubt/genietet. Schalldämpfer"
1.10.41,"63/125/250/500/1000/2000/4000/8000 Hz in dB 250Hz=14dB, wirksame Schalldämpferlänge in mm 1000 1,000 St *** Wiederholungsbeschreibung zu Bezugs-OZ 1.10.39 Schalldämpfer rund Druckdifferenz bis 30Pa DN125 Luftvolumenstrom in m3/h 100 bis 230, Mind.-Dämpfung bei den Oktavmittenfrequenzen","63/125/250/500/1000/2000/4000/8000 Hz in dB 250Hz=14dB, wirksame Schalldämpferlänge in mm 1000 1,000 St *** Wiederholungsbeschreibung zu Bezugs-OZ 1.10.39 Schalldämpfer rund Druckdifferenz bis 30Pa DN125 Luftvolumenstrom in m3/h 100 bis 230, Mind.-Dämpfung bei den Oktavmittenfrequenzen"
1.10.42,"18,000 St *** Wiederholungsbeschreibung zu Bezugs-OZ 1.10.39 Schalldämpfer rund Druckdifferenz bis 30Pa DN125 Luftvolumenstrom in m3/h 165 bis 335, Mind.-Dämpfung bei den Oktavmittenfrequenzen 63/125/250/500/1000/2000/4000/8000 Hz in dB 250Hz=12dB, wirksame Schalldämpferlänge in mm 1000, DN125","18,000 St *** Wiederholungsbeschreibung zu Bezugs-OZ 1.10.39 Schalldämpfer rund Druckdifferenz bis 30Pa DN125 Luftvolumenstrom in m3/h 165 bis 335, Mind.-Dämpfung bei den Oktavmittenfrequenzen 63/125/250/500/1000/2000/4000/8000 Hz in dB 250Hz=12dB, wirksame Schalldämpferlänge in mm 1000, DN125"
1.10.43,"4,000 St *** Wiederholungsbeschreibung zu Bezugs-OZ 1.10.39 Schalldämpfer rund Druckdifferenz bis 30Pa DN160 Luftvolumenstrom in m3/h 210 bis 530, Mind.-Dämpfung bei den Oktavmittenfrequenzen 63/125/250/500/1000/2000/4000/8000 Hz in dB 250Hz=10dB, wirksame Schalldämpferlänge in mm 1000, DN160","4,000 St *** Wiederholungsbeschreibung zu Bezugs-OZ 1.10.39 Schalldämpfer rund Druckdifferenz bis 30Pa DN160 Luftvolumenstrom in m3/h 210 bis 530, Mind.-Dämpfung bei den Oktavmittenfrequenzen 63/125/250/500/1000/2000/4000/8000 Hz in dB 250Hz=10dB, wirksame Schalldämpferlänge in mm 1000, DN160"
1.10.44,"26,000 St *** Wiederholungsbeschreibung zu Bezugs-OZ 1.10.39 Schalldämpfer rund Druckdifferenz bis 30Pa DN200 Luftvolumenstrom in m3/h 170 bis 560, Mind.-Dämpfung bei den Oktavmittenfrequenzen 63/125/250/500/1000/2000/4000/8000 Hz in dB 250Hz=8dB, wirksame Schalldämpferlänge in mm 1000, DN200 St","26,000 St *** Wiederholungsbeschreibung zu Bezugs-OZ 1.10.39 Schalldämpfer rund Druckdifferenz bis 30Pa DN200 Luftvolumenstrom in m3/h 170 bis 560, Mind.-Dämpfung bei den Oktavmittenfrequenzen 63/125/250/500/1000/2000/4000/8000 Hz in dB 250Hz=8dB, wirksame Schalldämpferlänge in mm 1000, DN200 St"
,"21,000 *** Wiederholungsbeschreibung zu Bezugs-OZ 1.10.39 Schalldämpfer rund Druckdifferenz bis 30Pa DN250 Luftvolumenstrom in m3/h 600 bis 750, Mind.-Dämpfung bei den Oktavmittenfrequenzen 63/125/250/500/1000/2000/4000/8000 Hz in dB 250Hz=6dB, wirksame Schalldämpferlänge in mm 1000, DN250","21,000 *** Wiederholungsbeschreibung zu Bezugs-OZ 1.10.39 Schalldämpfer rund Druckdifferenz bis 30Pa DN250 Luftvolumenstrom in m3/h 600 bis 750, Mind.-Dämpfung bei den Oktavmittenfrequenzen 63/125/250/500/1000/2000/4000/8000 Hz in dB 250Hz=6dB, wirksame Schalldämpferlänge in mm 1000, DN250"
,"6,000 St Kulissenschalldämpfer, rechteckig zur Dämpfung von Strömungsgeräuschen Kulissenschalldämpfer, rechteckig zur Dämpfung von Strömungsgeräuschen von Volumenstromreglern *** Bezugsbeschreibung Kulissenschalldämpfer rechteckig Druckdifferenz bis 30Pa Gehäuse Stahl verz Kulissenrahmen Stahl verz STLB-Bau 2023-10 075 3608 rechteckig,","6,000 St Kulissenschalldämpfer, rechteckig zur Dämpfung von Strömungsgeräuschen Kulissenschalldämpfer, rechteckig zur Dämpfung von Strömungsgeräuschen von Volumenstromreglern *** Bezugsbeschreibung Kulissenschalldämpfer rechteckig Druckdifferenz bis 30Pa Gehäuse Stahl verz Kulissenrahmen Stahl verz STLB-Bau 2023-10 075 3608 rechteckig,"
1.10.46,"Kulissenschalldämpfer, Einbaumaße L/B/H in mm 1500/200/200 für Luftleitungseinbau einschl. Gehäuse, Druckdifferenz bis 30 Pa, Luftvolumenstrom in m3/h ca. 670 Mind.-Dämpfung bei den Oktavmittenfrequenzen 63/125/250/500/1000/2000/4000/8000 Hz in dB 250Hz=15dB wirksame Schalldämpferlänge in mm 1500 Hygieneanforderungen VDI 6022 Blatt 1, Gehäuse aus verzinktem Stahl, Kulissenrahmen aus verzinktem Stahl, Luftdichtheitsklasse ATC4 DIN EN 16798-3, Baustoffklasse DIN 4102-1 A (nichtbrennbar); DIN EN 13501-1 A1, A2 s1 d0 (nichtbrennbar), mit Flanschverbinder. 1,000 St","Kulissenschalldämpfer, Einbaumaße L/B/H in mm 1500/200/200 für Luftleitungseinbau einschl. Gehäuse, Druckdifferenz bis 30 Pa, Luftvolumenstrom in m3/h ca. 670 Mind.-Dämpfung bei den Oktavmittenfrequenzen 63/125/250/500/1000/2000/4000/8000 Hz in dB 250Hz=15dB wirksame Schalldämpferlänge in mm 1500 Hygieneanforderungen VDI 6022 Blatt 1, Gehäuse aus verzinktem Stahl, Kulissenrahmen aus verzinktem Stahl, Luftdichtheitsklasse ATC4 DIN EN 16798-3, Baustoffklasse DIN 4102-1 A (nichtbrennbar); DIN EN 13501-1 A1, A2 s1 d0 (nichtbrennbar), mit Flanschverbinder. 1,000 St"
1.10.47,*** Wiederholungsbeschreibung zu Bezugs-OZ 1.10.46 Kulissenschalldämpfer rechteckig Druckdifferenz bis 50Pa Gehäuse Stahl verz Kulissenrahmen Stahl verz STLB-Bau 2023-10 075 3608,*** Wiederholungsbeschreibung zu Bezugs-OZ 1.10.46 Kulissenschalldämpfer rechteckig Druckdifferenz bis 50Pa Gehäuse Stahl verz Kulissenrahmen Stahl verz STLB-Bau 2023-10 075 3608
