Menge Einheit 2 x Tropfwanne V2A,Einheitspreis in,Gesamtpreis in
"2 x Siphon Erhitzer Volumenstrom: 16.000 m³/h Heizleistung: 64,87 kW Temperatur Lufteintritt: 8 °C Temperatur Luftaustritt: 20 °C Mediumtyp: Wasser Frostschutzanteil: 0 % Temperatur Vorlauf: 55 °C Temperatur Rücklauf: 35 °C Druckverlust Medium: max. 20 kPa Mediummenge: 0,79 l/s Material Rohr: Kupfer Material Lamellen: Aluminium Material Sammler: Kupfer Material Rahmen: verzinkt Entleerung und Entlüftung Messnippelset Leerteil Baulänge: min. 455 mm Tür mit Hebel-/ Doppelhebelverschluss Schalldämpfer Anordnung: Außenluft Volumenstrom: 16.000 m³/h Einfügungsdämpfung: gemäß Leerteil Baulänge: min. 455 mm Tür mit Hebel-/ Doppelhebelverschluss Kühler Volumenstrom: 16.000 m³/h Kühlleistung: 99,57 kW Temperatur Lufteintritt: 27,2 °C Feuchte Lufteintritt: 59 % Temperatur Luftaustritt: 15,5 °C Feuchte Luftaustritt: 98 % Mediumtyp: Wasser Frostschutzanteil: 0 % Temperatur Vorlauf: 12 °C Temperatur Rücklauf: 18 °C Druckverlust Medium: max. 50 kPa Mediummenge: 3,97 l/s Material Rohr: Kupfer Material Lamellen: Aluminium Material Sammler: Kupfer Material Rahmen: Aluminium Entleerung und Entlüftung Messnippelset Tropfenabscheider ausziehbar Tropfwanne V2A Siphon Leerteil Baulänge: min. 455 mm Tür mit Hebel-/ Doppelhebelverschluss Erhitzer Volumenstrom: 16.000 m³/h Heizleistung: 24,52 kW Temperatur Lufteintritt: 15,5 °C Temperatur Luftaustritt: 20 °C Mediumtyp: Wasser Frostschutzanteil: 0 % Temperatur Vorlauf: 55 °C Temperatur Rücklauf: 35 °C",EUR,EUR
Geräteschalldaten,,
"Druckverlust Medium: max. 20 kPa Mediummenge: 0,30 l/s Material Rohr: Kupfer Material Lamellen: Aluminium",,
Material Sammler: Kupfer,,
Material Rahmen: verzinkt,,
Entleerung und Entlüftung,,
Messnippelset,,
