Pos-Nr. (Pos- Nr.),Menge Einheit Einheitspreis in EUR Gesamtpreis in EUR Motorträgerkonsole verbunden und einjustiert.
,Der Elektromotor ist als EC-Motor ausgeführt. Ein zusätzlicher Frequenzumrichter zur Einstellung des Arbeitspunktes wird nicht benötigt.
,Die Bedienungstür der Ventilatorkammer wird abschließbar ausgeführt.
,"Der saugseitige Abstand von Einbauteilen beträgt mindestens 0,5 x Raddurchmesser. Der druckseitige Abstand zu Einbauteilen ist ohne Abströmeinrichtung mindestens 1 x Laufraddurchmesser und mit Abströmvorrichtung min. 0,5 x Laufraddurchmesser. Der Mindestabstand zur Wand beträgt 0,35 x Laufraddurchmesser (0,3 x D bei p stat < = 500 Pa). Im Mittel muss der Abstand zu den Wänden min. 0.4 x Laufraddurchmesser (0,35 x D bei p stat < = 500 Pa) betragen."
,"Ein Reparaturschalter für Hauptstrom und ein Potentialausgleich sind am RLT-Gerät vorgesehen. Gehäuse in Schutzart IP 65, Vorhängeschlosssperre 3-fach. Schalter mit Motor komplett laststromseitig verkabelt inklusive Schutzrohr auf Schellen verlegt sowie Kabelverschraubungen. Schalter mit 2 Hilfskontakten für Meldung an DDC."
,"Schalldämpferelement Der Rahmen, die Kammerbleche und ggf. An- bzw. Abströmprofile der einzelnen Schalldämmkulissen sind je nach Position aus verzinktem Stahlblech, Aluminium oder Edelstahl gefertigt. Die Oberflächenbeschaffenheit des Dämmmaterials ist abriebfest und aus reinigungsbeständigem Material. Die Kulissen erfüllen die Forderungen der VDI 6022 und der RLT Gütegemeinschaft Kulissenschalldämpfer. Die Kulissen sind beidseitig über Leerteile einsehbar oder zur Reinigung ausziehbar, ohne dass andere Einbauteile abgebaut werden müssen."
,Die Einbauschienen und Verblendungen sind aus Edelstahl gefertigt.
,"Die Mindestabstände zu weiteren Einbauteilen betragen: anströmseitig: 1,0 x max. Kulissenbreite abströmseitig: 1,5 x max. Kulissenbreite"
,Der Druckverlust beträgt maximal 50 Pa.
,Hochleistungskreislaufverbundsysteme
,"Technische Spezifikation Das System besteht aus einer Hydraulikstation mit integriertem Schaltschrank und mindestens zwei Wärmeübertrager, einem im Zuluft- und einem im Abluftgerät. Die verwendeten Lamellen- Wärmeübertrager ermöglicht eine durchgängige Reinigung bis in den Kern. Die Hydraulikeinheit führt das Wärmeträgermedium in einer Einheit zusammen und passt hierbei kontinuierlich den Sole-Massenstrom in Abhängigkeit des Luftvolumenstroms an sowie nach den spezifischen Anforderungen einer bauseitigen Regelung (VDI3803 Blatt 5)."
,"- Wärme- und Kälterückgewinnung (nachweislich gemäß DIN EN 13053), - Anpassung der Wärmerückgewinnung an den Jahrestemperaturverlauf, - Hygieneansprüche unter Berücksichtigung der VDI6022, - Lamellen-Wärmeübertrager, - Schaltschrank zur Regelung bei variablen Betriebsbedingungen, - Erweiterungen der Station."
,"KVS-Wärmeübertrager Zur rekuperativen Wärmerückgewinnung (Kategorie IIa gemäß DIN EN 308) werden Lammellen- Wärmeübertrager eingesetzt. Sie sind gemäß Druckgeräterichtlinie 2014/68/EU Artikel 4.3 geprüft und bei einem Druck von max. 16 bar sowie einen Temperaturbereich von -30 °C bis +100 °C standardmäßig einsetzbar. Sie bestehen aus Kupferrohren mit mechanisch angepressten Aluminium-Lamellen sowie einem Außenrahmen und sind für Wasser-Glykol-Gemische geeignet. Sind besondere Korrosionsschutzmaßnahmen notwendig (z.B. bei Be- und Entfeuchtung oder Desinfektion), sind die Wärmeübertrager zusätzlich zu schützen. Der Rahmen des Wärmeübertragers ist verzinkt bzw. wahlweise aus seewasserbeständigem Aluminium oder Edelstahl (1.4301 / 1.4404) ausgeführt. Die Lamellen sind mindestens in Aluminium oder wahlweise mit Epoxydbeschichtung. Für WRG-Anwendungen mit aggressiven Medien oder Prozessluft, ist der Wärmeübertrager komplett in Tauchbadbeschichtung (bis C5-I). Der Lamellenabstand muss aus energetischen und hygienischen Gründen mindestens 2,5 mm betragen und darüber hinaus, eine durchgängige Reinigung bis in den Kern gewährleisten. Für berippte Wärmeübertrager ab einer Bautiefe von 300 mm (450 mm bei fluchtender Rohranordnung), bezogen auf einen Lamellenabstand von 2,0 mm, sind daher besondere Maßnahmen erforderlich (VDI3803- Blatt1). Bei größeren Lamellenabständen kann die zulässige Bautiefe linear größer gewählt werden. Wärmeübertrager mit >14 versetzten Rohrreihen werden geteilt und mit entsprechenden Zugangsmöglichkeiten ausgeführt. Die verwendeten Hochleistungs-Wärmeübertrager verfügen, je hydraulischem Wasserweg, über eine integrierte Entlüftungs- und Entleerungsvorrichtung. Eine zentrale Vorrichtung am Ein- bzw. Austritt des Wärmeübertragers ist aus energetischen Gründen nicht zulässig. Die Wärmeübertrager werden standardmäßig mit Außengewindeanschlüssen ausgeführt. Die Übertrager müssen von beiden Seiten einseh- und reinigbar sein und mit einer Kondensatwanne mit allseitigem Gefälle versehen sein."
