Pos-Nr. (Pos- Nr.),Menge,Einheit
2.2,,
2.2.1,"EUR EUR 04RLT15 - Prozessfortluftanlage Lösemittel variabel Radialventilator Direktantrieb Fortluft Volumenstrom 21500 m3/h Gehäuse Stahl verz Radialventilator, einseitig saugend, mit Gehäuse, für die Anlage 04RLT15 mit Direktantrieb, Motor außerhalb des Luftstromes, Laufrad mit rückwärts gekrümmten Schaufeln, freistehend, für Fortluft, Leistungsaufnahme Klasse P1 DIN EN 13053, für Dauerbetrieb, saug- und druckseitig angeschlossen,","EUR EUR 04RLT15 - Prozessfortluftanlage Lösemittel variabel Radialventilator Direktantrieb Fortluft Volumenstrom 21500 m3/h Gehäuse Stahl verz Radialventilator, einseitig saugend, mit Gehäuse, für die Anlage 04RLT15 mit Direktantrieb, Motor außerhalb des Luftstromes, Laufrad mit rückwärts gekrümmten Schaufeln, freistehend, für Fortluft, Leistungsaufnahme Klasse P1 DIN EN 13053, für Dauerbetrieb, saug- und druckseitig angeschlossen,"
,"Ausgangsleistung, für antriebsnahe Montage Leistungsteil Schutzart IP55, mindestens folgende Funktionen müssen integriert sein: - automatische Motorfeinanpassung bei Antriebs- und Inbetriebnahme, Thermischer Motorvollschutz und Kaltleiter, Synchronisation auf bereits laufendem Motor (Fangschaltung) sichere Überbrückung von Netzwischern durch generatorische Pufferung (dynamisches Backup), Betrieb an der Stromgrenze und DC-Überspannungssteuerung zur Störungsvermeidung, Notbetrieb mit reduzierter Drehzahl bei Übertemperatur, Unterspannung oder Ausfall einer Notfallbetriebsmodus mit Aufrechterhaltung der Antriebsfunktion, Echtzeituhr für zeitabhängige Steuerungen und Zeitstempel für Störmeldungen, separate Umrichter- und Motor-Betriebsstundenzähler, Klartext- Störmeldespeicher,","Ausgangsleistung, für antriebsnahe Montage Leistungsteil Schutzart IP55, mindestens folgende Funktionen müssen integriert sein: - automatische Motorfeinanpassung bei Antriebs- und Inbetriebnahme, Thermischer Motorvollschutz und Kaltleiter, Synchronisation auf bereits laufendem Motor (Fangschaltung) sichere Überbrückung von Netzwischern durch generatorische Pufferung (dynamisches Backup), Betrieb an der Stromgrenze und DC-Überspannungssteuerung zur Störungsvermeidung, Notbetrieb mit reduzierter Drehzahl bei Übertemperatur, Unterspannung oder Ausfall einer Notfallbetriebsmodus mit Aufrechterhaltung der Antriebsfunktion, Echtzeituhr für zeitabhängige Steuerungen und Zeitstempel für Störmeldungen, separate Umrichter- und Motor-Betriebsstundenzähler, Klartext- Störmeldespeicher,"
,"- - - - - Netzphase, - - - - 3-Zonen- Prozessregler mit Störgröße Motordrehzahl, - 4 PID-Regler für interne/ externe Soll-/Istwerte und Stellwertübertragung mit Spannungs- oder Stromeinheitssignal, - programmierbare Logikfunktionen, - Ablaufsteuerung für einfache Antriebsaufgaben, - USB-Schnittstelle, - RS-485-Schnittstelle für Modbus RTU- und BACnet MS-TP Feldbusankoppung","- - - - - Netzphase, - - - - 3-Zonen- Prozessregler mit Störgröße Motordrehzahl, - 4 PID-Regler für interne/ externe Soll-/Istwerte und Stellwertübertragung mit Spannungs- oder Stromeinheitssignal, - programmierbare Logikfunktionen, - Ablaufsteuerung für einfache Antriebsaufgaben, - USB-Schnittstelle, - RS-485-Schnittstelle für Modbus RTU- und BACnet MS-TP Feldbusankoppung"
,"Ein-/Ausgänge: - 2 Analogeingänge, umschaltbar 0-10V/0-20mA, - 4 Digitaleingänge 24V-Logik, - 2 Digitalklemmen 24v-Logik, wahlweise als Ein- oder Ausgang, - 1 frei parametrierbarer Analogausgang 0/4-20mA, - 2 parametrierbare potenzialfreie Wechselkontakte","Ein-/Ausgänge: - 2 Analogeingänge, umschaltbar 0-10V/0-20mA, - 4 Digitaleingänge 24V-Logik, - 2 Digitalklemmen 24v-Logik, wahlweise als Ein- oder Ausgang, - 1 frei parametrierbarer Analogausgang 0/4-20mA, - 2 parametrierbare potenzialfreie Wechselkontakte"
,"BACnet MS/TP Schnittstelle für die busfähige Datenkommunikation zwischen dem Frequenzumrichter und einer übergeordneten Gebäudeautomation muss wie folgt ausgestattet werden: Hardware: Modultechnik oder fest Schnittstelle: auf Klemme verdrahtet Protokoll: Gebäudeautomations Weltstandard ISO 16484-5 (BACnet), Data Link Layer: MS/TP 9600, 19200, 38400, 76800 Baud Kommunikation entsprechend Client-Server-System (einer fragt die Daten an und der andere liefert). Geräteprofil: Application-Specific-Controller (B-ASC) Es müssen mindestens folgende Objekte unterstützt werden:","BACnet MS/TP Schnittstelle für die busfähige Datenkommunikation zwischen dem Frequenzumrichter und einer übergeordneten Gebäudeautomation muss wie folgt ausgestattet werden: Hardware: Modultechnik oder fest Schnittstelle: auf Klemme verdrahtet Protokoll: Gebäudeautomations Weltstandard ISO 16484-5 (BACnet), Data Link Layer: MS/TP 9600, 19200, 38400, 76800 Baud Kommunikation entsprechend Client-Server-System (einer fragt die Daten an und der andere liefert). Geräteprofil: Application-Specific-Controller (B-ASC) Es müssen mindestens folgende Objekte unterstützt werden:"
