Pos-Nr. Nr.),Menge Einheit Einheitspreis in EUR,Gesamtpreis in EUR
6,Sonstige Leistungen,
6.1,"Profilstahl, Kernbohrungen, Potentialausgleich, elektrische Anschlüsse",
6.1.1,"*** Bezugsbeschreibung Form-/Hohlprofilstahlkonstruktion Stahl verz STLB-Bau 2023-10 042 1395 Form-/Hohlprofilstahlkonstruktion, aus verzinktem Stahl, für Stütz-, Hänge-, Trag- und Sonderbefestigung, Arbeitshöhe des Montageortes bis 3,5 m über der Standfläche des erforderlichen Gerüstes.",hierfür
6.1.2,"Profilstahlkonstruktion oberhalb F30 Zwischendecken Feuerwiderstandsklasse F30 DIN 4102-2, entsprechend der Richtlinie über Anforderungen an Leitungsanlagen mit F30 Nachweis. 200,000 kg Hinweis - Systemschienen In den Laborräumen im 1. bis 3. OG sowie in den Technikzentralen für Lüftung- und Kältetechnik im 4.OG werden Systemschienen in einem Systemraster an den Decken befestigt, an denen alle Installationen zu befestigen sind. Dies betrifft neben dem Gewerk Raumlufttechnik auch die Gewerke Kälte, Heizung, Sanitär, VE-Wasser, Technische Gase, MSR. In einigen dieser Räume werden zudem Schallschutzdecken (Dicke 50 mm) installiert. Die Systemschienen in der Lüftungszentrale, sowie der statische Nachweis sind durch den AN Raumlufttechnik zu erbringen. Durch die Gewerke Kälte, Heizung, Sanitär, VE-Wasser, Gase, MSR erfolgt eine",brandschutztechnische Zuarbeit bezüglich
6.1.3,"*** Bezugsbeschreibung 4.OG Lüftungszentrale/ Kältezentrale: Montage-Systemschienen S235JR Einzelmasse 3,5 kg/m verzinkt Profilstahlschienen, zur Deckenmontage als Systemschiene im Rastermaß von ca. 0,7 m an der Decke befestigt, im Gebäude, Schienenhöhe mind. 60 mm, Schienenbreite mind. 40 mm, Werkstoffstärke mind. 2,5 mm, für Rohrleitungstrassen, Stahl S235JR DIN EN 10025-2 Werkstoff-Nr 1.0038 oder besser, Einzelmasse Systemschiene bis 3,5 kg/m, verzinkt, stufenlose Positionierung der Befestigungselemente in den Schienenprofilen, offene Enden mit Abdeckkappen, Arbeitshöhe des Montageortes über 3,5 bis 5,5 m über der Standfläche des hierfür erforderlichen Gerüstes, Gerüst wird gesondert vergütet, einschl. Befestigungsmaterial zur Installation an der Decke sowie Bohren von Löchern.",
6.1.5,"3.100,000 kg *** Wiederholungsbeschreibung zu Bezugs-OZ 6.1.3 2.OG Labore: Montage-Systemschienen S235JR Einzelmasse 3,5 kg/m verzinkt Profilstahlschienen, zur Deckenmontage als Systemschiene im Rastermaß von ca. 0,7 m an der Decke befestigt, im Gebäude, Schienenhöhe mind. 60 mm, Schienenbreite mind. 40 mm, Werkstoffstärke mind. 2,5 mm, für Rohrleitungstrassen, Stahl S235JR DIN EN 10025-2 Werkstoff-Nr 1.0038 wie zuvor beschrieben, jedoch für 2.OG.",
6.1.6,"3.100,000 kg *** Wiederholungsbeschreibung zu Bezugs-OZ 6.1.3 1.OG Labore: Montage-Systemschienen S235JR Einzelmasse 3,5 kg/m verzinkt Profilstahlschienen, zur Deckenmontage als Systemschiene im Rastermaß von ca. 0,7 m an der Decke befestigt, im Gebäude, Schienenhöhe mind. 60 mm, Schienenbreite mind. 40 mm, Werkstoffstärke mind. 2,5 mm, für Rohrleitungstrassen, Stahl S235JR DIN EN 10025-2 Werkstoff-Nr",
