Pos-Nr. Nr.),(Pos-,Menge Einheit,Einheitspreis in EUR Gesamtpreis in EUR
4.1.7,,"*** Wiederholungsbeschreibung zu Bezugs-OZ 4.1.6 Formstück Mineralwolle Wärmedämmung Luftltg Kanten-L 500-1000mm Gebäude 0,040W/(mK) 30mm kaschiert Alu-Folie STLB-Bau 2023-10 047 8138 Kantenlänge über 500 bis 1000 mm, über 3,5 bis 5,5 m über der Standfläche des hierfür",einlagig D
4.1.8,,"255,000 m2 *** Wiederholungsbeschreibung zu Bezugs-OZ 4.1.6 Formstück Mineralwolle Wärmedämmung Luftltg Kanten-L 1000-1500mm Gebäude 30mm kaschiert Alu-Folie STLB-Bau 2023-10 047 8138","0,040W/(mK) einlagig"
4.1.9,,"425,000 m2 *** Wiederholungsbeschreibung zu Bezugs-OZ 4.1.6 Formstück Mineralwolle Wärmedämmung Luftltg Kanten-L 1500-2000mm 30mm kaschiert Alu-Folie STLB-Bau 2023-10 047 8138","Gebäude 0,040W/(mK) einlagig"
4.1.10,,"330,000 m2 *** Wiederholungsbeschreibung zu Bezugs-OZ 4.1.6 Formstück Mineralwolle Wärmedämmung Luftltg Kanten-L ü. 2000mm 30mm kaschiert Alu-Folie STLB-Bau 2023-10 047 8138","Gebäude 0,040W/(mK) einlagig D"
4.1.11,,"205,000 m2 Isolierung von Sonderbauteilen an Lüftungskanälen eckig Isolierung von Sonderbauteilen an Lüftungskanälen eckig *** Bezugsbeschreibung Isolierung von Kanalstutzen, eckig, an Lüftungskanälen, eckig, Kanten-L. Isolierung von Kanalstutzen, eckig, als Anschlussstutzen an eckigen aus Mineralwolle, Dämmschichtdicke 30 mm, einlagig, kaschiert mit größte Kantenlänge des Anschlusskanals bis 500 mm, einschließlich Isolierung und Überkleben der Verbindungsstellen mit selbstklebenden","bis 500 mm Lüftungskanälen, Dämmung Aluminiumfolie ummantelt, fachgerechtes Anarbeitung der Aluminiumklebeband,"
4.1.12,,"10,000 St *** Wiederholungsbeschreibung zu Bezugs-OZ 4.1.11 Isolierung von Kanalstutzen, eckig, an Lüftungskanälen, eckig, größte Kantenlänge des Anschlusskanals über 500 bis 1000 mm",Kanten-L. ü. 500 bis 1000mm
4.1.13,,"15,000 St *** Wiederholungsbeschreibung zu Bezugs-OZ 4.1.11 Isolierung von Kanalstutzen, eckig, an Lüftungskanälen, eckig, größte Kantenlänge des Anschlusskanals über 1000 bis 1500 mm",Kanten-L. ü. 1000 bis 1500mm
4.1.14,,"10,000 St *** Wiederholungsbeschreibung zu Bezugs-OZ 4.1.11 Isolierung von Kanalstutzen, eckig, an Lüftungskanälen, eckig, größte Kantenlänge des Anschlusskanals über 1500 bis 2000 mm",Kanten-L. ü. 1500 bis 2000mm
4.1.15,,"3,000 St *** Bezugsbeschreibung Isolierung von Kanalstutzen, rund, an Lüftungskanälen, eckig, D bis 200mm Isolierung von Kanalstutzen, rund, als Anschlussstutzen (Bundkragen) an eckigen Lüftungskanälen, Dämmung aus Mineralwolle, Dämmschichtdicke 30 mm, einlagig, kaschiert mit Aluminiumfolie ummantelt, einschließlich fachgerechtes Anarbeitung der Isolierung und Überkleben der Verbindungsstellen mit selbstklebenden Aluminiumklebeband, Durchmesser des Anschlusskanals bis 200 mm, Arbeitshöhe des Montageortes bis 3,5 m über der Standfläche hierfür erforderlichen Gerüstes.",des
