Pos-Nr. (Pos- Nr.),"Menge Kabel DIN VDE 0276-603 (VDE 0276-603) 3 x 4 RE, Cu-Zahl",Einheit NYY-J,"Einheitspreis in EUR Gesamtpreis EUR 115, nur anschließen an"
,"beigestellte Betriebsmittel, einschl. Verbindungsmittel.",,
,"4,000 St",,
,Kabelanschluss Klimaschränke Serverraum und Patronenfilter,,
,Kabelanschluss Klimaschränke Serverraum und Patronenfilter Gemäß Ausführungsbeschreibung 12:,,
6.1.21,"Kabel NYY-J 5x4RE anschließen STLB-Bau 2023-10 053 5395 Kabel DIN VDE 0276-603 (VDE 0276-603) NYY-J 5 x 4 RE, Cu-Zahl",,"192, nur anschließen an"
,"3,000 St",einschl. Verbindungsmittel.,
