Pos-Nr. Nr.),(Pos-,Menge Einheit Einheitspreis in EUR Gesamtpreis in EUR Türen und Bediendeckel
,,"Türen und Bedienungsdeckel mit umlaufenden Dichtungen gemäß VDI 6022 und DIN 1946/T4 ausgestattet. Bedienungsöffnungen mit außenliegenden, nur durch Werkzeug zu öffnenden, Verschlüssen ausgestattet. Abnehmbare Bediendeckel verfügen über Klemmhebelverschlüsse. Einstellbare Tür- Scharniere zur Verstellung des Türblattes und des Anpressdruckes."
,,"Verkabelung Die Kabelverlegung erfolgt, wo möglich, außerhalb des Gerätes. Im Inneren verlegte Kabel werden im dafür vorgesehenen Installationsbereich mit Leerrohr montiert."
,,"Grundrahmen Im Gehäuse ist ein Grundrahmen in verzinkter Ausführung integriert, dieser ist am Gerät montiert."
,,"Ventilatorelement- freilaufendes Rad für Zu- oder Abluft, mit einem Einbau Radialventilator mit IEC-Drehstrom-Normmotor, für den Einsatz ohne Spiralgehäuse. Laufrad fliegend auf der Motorwelle montiert. Einlaufdüse starr mit der Motorträgerkonsole verbunden und einjustiert. Gesamte Einheit auf Profilen befestigt und somit durch Schwingungsdämpferelemente entkoppelt aufstellbar. Laufrad mit rückwärts gekrümmter Beschaufelung. Laufrad mit Nabe gewuchtet (mind. G 6,3 nach ISO 1940 T1). Hinterzogene Einlaufdüse, aus verzinktem/ lackiertem Stahlblech. Eingeschraubte/eingeschweißte Taperlock Nabe aus Grauguss/Stahl. IEC Drehstrom Normmotor, 400V, 50Hz, Motorschutz durch Kaltleiter, Iso. Kl. F, für Frequenzumformerbetrieb geeignet. Der Motor ist mit einem Motorvollschutz mittels Kaltleiter ausgestattet. Die Motordrehzahl ist regelbar durch einen Frequenzumrichter. Zwischen Ventilator und Gerätegehäuse ist ein Potential Ausgleichsband montiert. Zwischen Ventilatorstutzen und Gerätetrennwand erfolgt die Verbindung mittels elastischen Stutzen mit Potentialausgleich. Die Bedienungstür der Ventilatorkammer ist abschließbar."
,,"Der saugseitige Abstand von Einbauteilen beträgt mindestens 0,5 x Raddurchmesser. Der druckseitige Abstand zu Einbauteilen ist ohne Abströmeinrichtung mindestens 1 x Laufraddurchmesser und mit Abströmvorrichtung min. 0,5 x Laufraddurchmesser. Der Mindestabstand zur Wand beträgt 0,35 x Laufraddurchmesser (0,3 x D bei p stat < = 500 Pa). Im Mittel muss der Abstand zu den Wänden min. 0,4 x Laufraddurchmesser (0.35 x D bei pstat < = 500 Pa) betragen."
,,"Ein Reparaturschalter für Hauptstrom und ein Potentialausgleich sind am RLT-Gerät vorgesehen. Gehäuse in Schutzart IP 65, Vorhängeschlosssperre 3-fach. Schalter mit Motor komplett verkabelt inklusive Schutzrohr auf Schellen verlegt sowie PG- Verschraubungen. Schalter mit 2 Hilfskontakten für Meldung an DDC."
,,Doppelschalige Schauöffnung und Beleuchtung integriert.
,,"Frequenzumformer Spannungszwischenkreisumrichter mit konstanter Zwischenkreisspannung, Netzfilter, RS 485 Schnittstelle für Parametrierung und Diagnose, integriertem Motorschutz sowie Bedienpaneel, überlast- und leerlaufsicher, und nach Spannungsausfall selbsttätig wieder einschaltend. Frequenzumformer ist auf die in der Gerätekarte angegebenen Werte parametriert. Die Einheit Umrichter - Motor, inklusive Verkabelung, ist funkentstört nach dem Grenzwert B gemäß den Bestimmungen des Amtsblattes Nr. 61 VFG 243/f199 des BMT auszuführen. Gehäuse in Schutzart IP 55. Der Frequenzumformer wird außen am Gerät angeordnet. Der Umrichter mit Netzfilter ist am Ventilatorteil zu installieren. Die Leitung zwischen Motor und Frequenzumrichter ist mit abgeschirmtem Kabel zu verlegen."
,,"Ventilatorelement Hybridventilator Direkt angetriebener Radialventilator mit Permanentmagnetmotor auf Wirkungsgradniveau der Effizienzklasse IE5 und integriertem Frequenzumrichter. Multi-Spiralnachleitvorrichtung aus verzinktem Stahlblech zur Steigerung des Druckes und der statischen Ventilatoreffizienz. Hochleistungslaufrad bestehend aus sechs rückwärtsgekrümmten Hohlprofilschaufeln mit echtem Strömungsprofil und abgerundeten, schräg von Deckscheibe zu Tragscheibe verlaufenden Eintrittskanten. Laufrad aus hochfestem Stahlblech, geschweißt, entfettet, eisenphosphatiert und mit Epoxy-Polyester Mischpulver beschichtet, mit Spannbuchse auf der Welle des Anbaumotors befestigt. Statisch und dynamisch nach DIN ISO 21940-11 ausgewuchtet. System-Einströmdüse aus verzinktem Stahlblech, standardmäßig mit der Volumenstrom-Messvorrichtung ausgerüstet. Motor in hocheffizienter Permanentmagnet-Technik mit Wirkungsgradklasse IE5. Frei von Magneten aus seltenen Erden. An die Motor-Tragplatte montierter, integrierter Frequenzumrichter, auf das Hochleistungs-Laufrad abgestimmt. Frequenzumrichter vorparametriert, sofort betriebsbereit für den Einsatz mit analogem 0 bis 10 V-Signal. Mit Modbus-Schnittstelle. Kein abgeschirmtes Anschlusskabel erforderlich. Das Antriebssystem ist 100 % drehzahlregelbar. Für den Betrieb mit beliebiger Achsanordnung. Leistungsdaten in Genauigkeitsklasse 1 nach DIN 24166."
,,"Ventilatorelement- freilaufendes Rad EC-Ventilator für Zu- oder Abluft, mit einem Einbau Radialventilator mit EC Motor, für den Einsatz ohne Spiralgehäuse. Laufrad fliegend auf der Motorwelle montiert. Einlaufdüse starr mit der"
,,Motorträgerkonsole verbunden und einjustiert.
