Pos-Nr. (Pos- Nr.),Menge,Einheit,Einheitspreis in Gesamtpreis EUR
1.13.236,"EUR Abzweigstück, für Luftleitung, rund, Luftdichtheitsklasse ATC2 DIN EN 16798-3, 90 Grad, Maße DIN EN 1506, aus verzinktem Stahl, größter DN 160, Wanddicke 1,5 mm, symmetrisch,mit Flansch, mit Flanschverbinder, mit Spannschelle und Spannschloss, aus Stahl, mit Schrauben aus nichtrostendem Stahl und Dichtung,min./max. Temperatur der geförderten Luft -15 bis 40 Grad C, Druckbereich von -750 bis 2000 Pa, Montagehöhe über Gelände/Fußboden bis 3,5 m, mit Aufhänge-/ Auflagekonstruktion, befestigen mit Befestigungsmitteln mit bauaufsichtlichem Nachweis einschl. Bohrungen, Befestigungsuntergrund Stahlbeton. Abzweigstück",90Grad Stahl,"symmetrisch H 3,5-5m"
1.13.237,"1,000 St *** Wiederholungsbeschreibung zu Bezugs-OZ 1.13.235 Abzweigstück Luftleitg rund 90Grad Stahl verz DN200 symmetrisch H bis 3,5m DN 200.","1,000 St *** Wiederholungsbeschreibung zu Bezugs-OZ 1.13.235 Abzweigstück Luftleitg rund 90Grad Stahl verz DN200 symmetrisch H bis 3,5m DN 200.","1,000 St *** Wiederholungsbeschreibung zu Bezugs-OZ 1.13.235 Abzweigstück Luftleitg rund 90Grad Stahl verz DN200 symmetrisch H bis 3,5m DN 200."
1.13.238,"1,000 St *** Wiederholungsbeschreibung zu Bezugs-OZ 1.13.235 Abzweigstück Luftleitg rund 90Grad Stahl verz DN200 symmetrisch H 3,5-5m 200, Montagehöhe über Gelände/Fußboden über 3,5 bis 5 m.","1,000 St *** Wiederholungsbeschreibung zu Bezugs-OZ 1.13.235 Abzweigstück Luftleitg rund 90Grad Stahl verz DN200 symmetrisch H 3,5-5m 200, Montagehöhe über Gelände/Fußboden über 3,5 bis 5 m.","1,000 St *** Wiederholungsbeschreibung zu Bezugs-OZ 1.13.235 Abzweigstück Luftleitg rund 90Grad Stahl verz DN200 symmetrisch H 3,5-5m 200, Montagehöhe über Gelände/Fußboden über 3,5 bis 5 m."
1.13.239,"DN 1,000 St *** Bezugsbeschreibung Enddeckel Luftleitg rund Stahl verz DN160 H bis 3,5m Enddeckel, für Luftleitung, rund Luftdichtheitsklasse ATC2 DIN EN 16798-3, Maße DIN EN 1506, aus verzinktem Stahl, DN 160, Wanddicke 1,5 mm, min./max. Temperatur der geförderten Luft -15 bis 40 Grad C, Druckbereich von -750 bis 2000 Pa, Montagehöhe über Gelände/Fußboden bis 3,5 m.","DN 1,000 St *** Bezugsbeschreibung Enddeckel Luftleitg rund Stahl verz DN160 H bis 3,5m Enddeckel, für Luftleitung, rund Luftdichtheitsklasse ATC2 DIN EN 16798-3, Maße DIN EN 1506, aus verzinktem Stahl, DN 160, Wanddicke 1,5 mm, min./max. Temperatur der geförderten Luft -15 bis 40 Grad C, Druckbereich von -750 bis 2000 Pa, Montagehöhe über Gelände/Fußboden bis 3,5 m.","DN 1,000 St *** Bezugsbeschreibung Enddeckel Luftleitg rund Stahl verz DN160 H bis 3,5m Enddeckel, für Luftleitung, rund Luftdichtheitsklasse ATC2 DIN EN 16798-3, Maße DIN EN 1506, aus verzinktem Stahl, DN 160, Wanddicke 1,5 mm, min./max. Temperatur der geförderten Luft -15 bis 40 Grad C, Druckbereich von -750 bis 2000 Pa, Montagehöhe über Gelände/Fußboden bis 3,5 m."
1.13.240,"1,000 St *** Wiederholungsbeschreibung zu Bezugs-OZ 1.13.239 Enddeckel Luftleitg rund Stahl verz DN160 H 3,5-5m Montagehöhe über Gelände/Fußboden über 3,5 bis 5 m.","1,000 St *** Wiederholungsbeschreibung zu Bezugs-OZ 1.13.239 Enddeckel Luftleitg rund Stahl verz DN160 H 3,5-5m Montagehöhe über Gelände/Fußboden über 3,5 bis 5 m.","1,000 St *** Wiederholungsbeschreibung zu Bezugs-OZ 1.13.239 Enddeckel Luftleitg rund Stahl verz DN160 H 3,5-5m Montagehöhe über Gelände/Fußboden über 3,5 bis 5 m."
1.13.241,"1,000 St *** Wiederholungsbeschreibung zu Bezugs-OZ 1.13.239 Enddeckel Luftleitg rund Stahl verz DN200 H bis 3,5m DN 200.","1,000 St *** Wiederholungsbeschreibung zu Bezugs-OZ 1.13.239 Enddeckel Luftleitg rund Stahl verz DN200 H bis 3,5m DN 200.","1,000 St *** Wiederholungsbeschreibung zu Bezugs-OZ 1.13.239 Enddeckel Luftleitg rund Stahl verz DN200 H bis 3,5m DN 200."
1.13.242,"1,000 St *** Wiederholungsbeschreibung zu Bezugs-OZ 1.13.239 Enddeckel Luftleitg rund Stahl verz DN200 H 3,5-5m DN 200, Montagehöhe über Gelände/Fußboden über 3,5 bis 5 m.","1,000 St *** Wiederholungsbeschreibung zu Bezugs-OZ 1.13.239 Enddeckel Luftleitg rund Stahl verz DN200 H 3,5-5m DN 200, Montagehöhe über Gelände/Fußboden über 3,5 bis 5 m.","1,000 St *** Wiederholungsbeschreibung zu Bezugs-OZ 1.13.239 Enddeckel Luftleitg rund Stahl verz DN200 H 3,5-5m DN 200, Montagehöhe über Gelände/Fußboden über 3,5 bis 5 m."
