Pos-Nr. (Pos- Nr.),"Menge Einheit Fortluftturm mit zusätzlicher inneren Beschichtung,",Einheitspreis in EUR,Gesamtpreis in EUR
3.1.9,"Volumenstrom 00RLT01: max. 3.000 m³/h Gesamthöhe des PFO-Kamins: ca. 3,6 m Höhe Kamin über Auflageplatte/ Befestigungsplatte: ca. 2,4 m Flanschteilung bei ca. 0,5 m unter der Befestigungsplatte Höhe unter Befestigungsplatte: ca. 1,2 m Rohrdurchmesser Kaminrohr: 400 mm mit Dachdurchführung seitlicher horizontaler Anschlussstutzen: d= 400 mm Deckenaussparung zur Einbringung des Kamins: D=0,50 m 1,000 St Erstellung einer prüffähigen Statik Fortluftturm Prüffähige Statik für einen Fortluftturm nach DIN EN 1993-3-2 Schnee- und Windlastberechnung. Die Statik ist im Rahmen der Werks- und Montageplanung und in vorheriger Architekt, Statiker und Planer zu erstellen. Statik Prüfstatiker/ Auftraggeber vor Ausführung zur Freigabe vorlegen.",einschließlich Abstimmung,"Verankerung, mit"
3.1.10,"Die Fortlufttürme werden wesentlich eher montiert als die sonstigen Installationen in der Technikzentrale. Während dieser Zeit sind die oberen Teile der Fortlufttürme zunächst mittels Blindflanschen zu verschließen. *** Bezugsbeschreibung Bauzeit-Enddeckel DN 1400 Enddeckel, mit Flanschen, Maße nach DIN EN 1506, als provisorischer Verschluß des Anschlussstutzens, Anschlussflansch nach DIN 24154 Reihe 1 oder 2, inklusive Dichtung Schrauben, DN 1400, mit Kondensatanschluss DN50, Blindflansch montieren und bei Weiterinstallation wieder demontieren und entsorgen, Montagehöhe über Fußboden bis 3,5",,Abluft- und späterer m.
3.1.11,"4,000 St *** Wiederholungsbeschreibung zu Bezugs-OZ 3.1.10 Bauzeit-Enddeckel DN 1300 DN 1300",,
,"1,000 St *** Wiederholungsbeschreibung zu Bezugs-OZ 3.1.10",,
3.1.12 3.1.13,"Bauzeit-Enddeckel DN 1100 DN 1100 3,000 St *** Wiederholungsbeschreibung zu Bezugs-OZ 3.1.10 Bauzeit-Enddeckel DN 400 DN 400 1,000 St Provisorische Entwässerung der Kamine: Aufgrund des Bauablaufes ist vom Gewerk Lüftung vorab eine",provisorische,Entwässerung der
3.1.14,"Provisorische Entwässerung der Kamine Provisorische Entwässerung der Kamine durch Gewerk Lüftung, von 8 Fortluftkaminen an eine provisorische Entwässerungsleitung Durchmesser DN 70/ 100, Sammelleitung: Länge 30 m, DN100, bis zum von den Kaminen in Sammelleitung einbinden, Länge je ca. 2 m, DN und Verbindungsstücke, in der Lüftungszentrale mit Gefälle bis zum verlegen","Anschluss der aus Kunststoff, Schacht, 8 70, Leitungen Anschlusspunkt","Entwässerungstutzen HT-PP, Anschlussleitungen einschl. Form- im Schacht"
,"1,000 St *** Wiederholungsbeschreibung zu Bezugs-OZ 3.1.14 Demontage und Entsorgung",,
3.1.15,,,
