Pos-Nr. Nr.),(Pos-,"Menge Einheit Steuerspannung EC Motor [V]: 9,51 Kühlen der Luft:",Einheitspreis in EUR,Gesamtpreis in EUR
,,"Lufttemp. Eintritt [°C]: 26,0 Luftfeuchte Eintritt [%]: 46 Kühlmedium: Wasser Temp. Eintritt [°C]: 12,0 Temp. Austritt [°C]: 18,0 Eurovent Energieklasse: B Fan Coil Energy Efficiency Ratio: 175,0 Drehzahlstufe: Min Lufttemp. Austritt [°C]: 16,4 Luftfeuchte Austritt [%]: 83 Kondensatmenge [l/h]: 0,0 Kondensatmenge [g/kg]: 0,0 Massenstrom [kg/h]: 116 Druckverlust WT [kPa]: 0,44 Kühlleistung ges. [kW]: 0,79 Kühlleistung sens. [kW]: 0,79 Drehzahlstufe: AP Lufttemp. Austritt [°C]: 17,7 Luftfeuchte Austritt [%]: 77 Kondensatmenge [l/h]: 0,0 Kondensatmenge [g/kg]: 0,0 Massenstrom [kg/h]: 167 Druckverlust WT [kPa]: 0,81 Kühlleistung ges. [kW]: 1,15 Kühlleistung sens. [kW]: 1,15 Drehzahlstufe: Max Temp. Austritt [°C]: 17,6 Feuchte Austritt [%]: 77 Kondensatmenge [l/h]: 0,0 Kondensatmenge [g/kg]: 0,0 Massenstrom [kg/h]: 343 Druckverlust WT [kPa]: 2,95 Kühlleistung ges. [kW]: 2,36 Kühlleistung sens. [kW]: 2,36 Schallpegel*) (A-bew. für ein Gerät) Drehzahlstufe: Min Schallleistung [dB(A)]: 29 Schalldruck [dB(A)]: 24 Drehzahlstufe: AP Schallleistung [dB(A)]: 42 Schalldruck [dB(A)]: 37 Drehzahlstufe: Max Schallleistung [dB(A)]: 60 Schalldruck [dB(A)]: 55 *)Messbedingungen: Abstand [m]: 2,0 Raumvolumen [m³]: 90 Nachhallzeit [s]: 1,0 Richtungsfaktor: Flächenmitte Abmessungen und Gewicht Breite [mm]: max. 580 Höhe [mm]: max. 300 Tiefe [mm]: max. 580",,
,,"36,000 St Klimaschränke Klimaschränke Klimaschrank",,
1.15.14,,Klimaschrank zur Aufstellung in den Räumen 02.035 Serverraum und 00.026 IT-Serverraum Klimaschrank für Betrieb mit Kaltwasser. Mit stufenloser Drehzahlregelung,,
,,"der Klimaschrank. - Innenaufstellung für die Klimatisierung von IT-Equipment, Rechenzentren - Ausführung als kompaktes, anschlussfertiges Umluftklimagerät (Raumklimagerät) mit integrierter Regelung - Sicherstellung des durchgehenden Schutzes aller ESD-empfindlichen Bauelemente - Ausführung: mit einem Kaltwasserkreislauf",,Luftmenge im
,,"- der Anschluss an ein externes Kaltwassernetz ist zum Betrieb erforderlich - volle Funktionalität des Kaltwasserkreislaufes bei Auslieferung. - Gerät besteht im Anlieferungszustand aus einer kompletten, funktionalen zum Betrieb des Innengerätes notwendigen Komponenten beinhaltet.",,"Baueinheit, die alle"
