Pos-Nr. (Pos- Nr.),Menge Einheit,Einheitspreis in Gesamtpreis in
2.6,,EUR EUR
2.6.1,"00RLT01 - Prozessfortluftanlage Hochdruckboxen Radialventilator Direktantrieb Fortluft Volumenstrom 3000 m3/h Gehäuse Stahl verz Radialventilator, einseitig saugend, mit Gehäuse, für die Anlage 00RLT01 mit Direktantrieb, Motor außerhalb des Luftstromes, Laufrad mit rückwärts gekrümmten Schaufeln, freistehend, für Fortluft, Leistungsaufnahme Klasse P1 DIN EN 13053, für Dauerbetrieb, saug- und druckseitig angeschlossen, Volumenstrom 3000 m3/h, Bezugsdichte am Eintrittsquerschnitt 1,2 kg/m3, Totaldruckerhöhung in Pa 700 max. Gesamtleistungsaufnahme in kW von Ventilator, Motor und Antriebssystem im Betriebspunkt 1,01 mit Motor, Nenndrehzahl in 1/min 970 Bemessungsbetriebsspannung 230/400 V AC, als Dreiphasenwechselstrom-Motor, Steuergerät/ Frequenzumrichter wird gesondert vergütet, Motorschutz mit Messwertgeber als Kaltleiter zur Abschaltung, A-Schallleistungspegel in dB max. 57 A-Schallleistungspegel saugseitig in dB max. 68 A-Schallleistungspegel druckseitig in dB max. 72 max. mögliche Maße L/B/H in mm 1000/700/1200 Gehäuse aus verzinktem Stahl, mit Inspektionsdeckel und angebautem Entwässerungsstutzen, Laufrad dynamisch ausgewuchtet, DIN ISO 21940-11, Gütestufe G 6.3, Laufrad aus verzinktem Stahl, aus verzinktem Stahl, Luftleitungsanschluss druck- und saugseitig, mit elastischem Verbindungsstück und Flansch, Verbindungsstück Baustoffklasse DIN 4102-1 B1",
,"Gerätegehäuses, mit kalibrierter Volumenstrommesseinrichtung. Statischer Frequenzumrichter 1,5 kW, passend für vorstehende Leistungsparameter, zur Drehzahlsteuerung von Drehstromasynchronmotoren für Ventilatoren im Spannungsbereich von bis 480 V, 50 Hz, Umrichter wartungsfrei, leerlauf-, kurzschluss- und rückspeisungsfest im Stillstand / Betrieb, mit eingebauter Netzrückwirkdrossel, Wirkungsgrad (inkl. Filter + Drossel) max. 98%, Umgebungstemperatur max. 50°C / bei voller Ausgangsleistung, für antriebsnahe Montage Leistungsteil Schutzart IP55, mindestens folgende Funktionen müssen integriert sein - automatische Motorfeinanpassung bei Antriebs- und Inbetriebnahme, - Thermischer Motorvollschutz und Kaltleiter, - Synchronisation auf bereits laufendem Motor (Fangschaltung), - sichere Überbrückung von Netzwischern durch generatorische Pufferung (dynamisches - Betrieb an der Stromgrenze und DC-Überspannungssteuerung zur Störungsvermeidung, - Notbetrieb mit reduzierter Drehzahl bei Übertemperatur, Unterspannung oder Ausfall einer Netzphase, - Notfallbetriebsmodus mit Aufrechterhaltung der Antriebsfunktion, - Echtzeituhr für zeitabhängige Steuerungen und Zeitstempel für Störmeldungen, - separate Umrichter- und Motor-Betriebsstundenzähler, Klartext- Störmeldespeicher, - 3-Zonen- Prozessregler mit Störgröße Motordrehzahl, - 4 PID-Regler für interne/ externe Soll-/Istwerte und Stellwertübertragung mit Spannungs- Stromeinheitssignal, - programmierbare Logikfunktionen, - Ablaufsteuerung für einfache Antriebsaufgaben,","380 Backup), oder"
,"- RS-485-Schnittstelle für Modbus RTU- und Ein-/Ausgänge: - 2 Analogeingänge, umschaltbar - 4 Digitaleingänge 24V-Logik, - 2 Digitalklemmen 24v-Logik, wahlweise als - 1 frei parametrierbarer Analogausgang - 2 parametrierbare potenzialfreie interne Hilfsspannungsversorgung - 24V/DC für Beschaltung digitaler Eingänge - 10V/DC für Sollwertpotentiometer 1kOhm und","- USB-Schnittstelle, BACnet MS-TP Feldbusankoppung 0-10V/0-20mA, Ein- oder Ausgang, 0/4-20mA, Wechselkontakte und zur Versorgung aktiver Istwertgeber, Motorschutzkaltleiter"
,BACnet und,
,"MS/TP Schnittstelle für die busfähige einer übergeordneten Gebäudeautomation muss wie folgt Hardware: Modultechnik oder fest Schnittstelle: auf Klemme verdrahtet Protokoll: Gebäudeautomations Weltstandard ISO 16484-5 19200, 38400, 76800 Baud Kommunikation entsprechend Client-Server-System (einer liefert). Geräteprofil: Application-Specific-Controller (B-ASC) Es müssen mindestens folgende Objekte unterstützt werden: Analog Input, Analog Output, Analog Value Binary Input, Binary Output, Binary Value Device, Multi-State Output, Notification Class","Datenkommunikation zwischen dem Frequenzumrichter ausgestattet werden: (BACnet), Data Link Layer: MS/TP 9600, fragt die Daten an und der andere"
