Pos-Nr. (Pos- Nr.),Menge beinhaltet der in diesem,"Einheit alle Datenblätter, Prüfberichte, LV beschriebenen Brandschutzdurchführungen,",Einheitspreis in EUR Zertifikate und sowie eine Fotodokumentation,Gesamtpreis in EUR Errichtererklärungen aller
,"eingebauten Brandschutzdurchführungen. In den nicht sichtbaren Bereichen, ist dies vor Verschließen der Wände, Schächte und Decken auszuführen. Für die Fotodokumentation ist ein Plan anzulegen, aus dem Ort und Art der Brandschutzdurchführungen erkenntlich wird.","eingebauten Brandschutzdurchführungen. In den nicht sichtbaren Bereichen, ist dies vor Verschließen der Wände, Schächte und Decken auszuführen. Für die Fotodokumentation ist ein Plan anzulegen, aus dem Ort und Art der Brandschutzdurchführungen erkenntlich wird.","eingebauten Brandschutzdurchführungen. In den nicht sichtbaren Bereichen, ist dies vor Verschließen der Wände, Schächte und Decken auszuführen. Für die Fotodokumentation ist ein Plan anzulegen, aus dem Ort und Art der Brandschutzdurchführungen erkenntlich wird.","eingebauten Brandschutzdurchführungen. In den nicht sichtbaren Bereichen, ist dies vor Verschließen der Wände, Schächte und Decken auszuführen. Für die Fotodokumentation ist ein Plan anzulegen, aus dem Ort und Art der Brandschutzdurchführungen erkenntlich wird."
,und die Fotos als jpg-Datei übergeben.,und die Fotos als jpg-Datei übergeben.,und die Fotos als jpg-Datei übergeben.,und die Fotos als jpg-Datei übergeben.
,"1,000",St,,
6.6.5,Anlagenschemata mit Rahmen,Anlagenschemata mit Rahmen,Anlagenschemata mit Rahmen,Anlagenschemata mit Rahmen
,"Strangschema / Anlagenschema Bestand für die neu installierten Anlagen, auf Grundlage der Montagepläne an den Ausführungsstand anpassen, farbig anlegen und in Kunststofffolie einschweißen.","Strangschema / Anlagenschema Bestand für die neu installierten Anlagen, auf Grundlage der Montagepläne an den Ausführungsstand anpassen, farbig anlegen und in Kunststofffolie einschweißen.","Strangschema / Anlagenschema Bestand für die neu installierten Anlagen, auf Grundlage der Montagepläne an den Ausführungsstand anpassen, farbig anlegen und in Kunststofffolie einschweißen.","Strangschema / Anlagenschema Bestand für die neu installierten Anlagen, auf Grundlage der Montagepläne an den Ausführungsstand anpassen, farbig anlegen und in Kunststofffolie einschweißen."
,"Planhöhe: bis 900mm, Planlänge: je nach Bedarf Kunststoff 1,0 mm dick, matt. Der eingeschweißte Bestandsplan ist auf verzinkten Blechplatten (mind. 1mm dick) mithilfe von Magneten zu befestigen und vor Ort nach Vorgabe vom Auftraggeber aufzuhängen. Die Blechplatte muss allseitig um mind. 10mm überstehen und umlaufend mit Kantenschutzband eingefasst sein. Einschließlich Befestigungsmaterial, Bohrung und Dübel zur Befestigung an Wänden aus Ziegel, Kalksandstein oder Beton sowie an Profilstahlkonstruktionen. Die Bestandspläne sind vor dem Einschweißen dem Auftraggeber zur Sichtung und Prüfung vorzulegen. Abrechnung nach lfm Plan.","Planhöhe: bis 900mm, Planlänge: je nach Bedarf Kunststoff 1,0 mm dick, matt. Der eingeschweißte Bestandsplan ist auf verzinkten Blechplatten (mind. 1mm dick) mithilfe von Magneten zu befestigen und vor Ort nach Vorgabe vom Auftraggeber aufzuhängen. Die Blechplatte muss allseitig um mind. 10mm überstehen und umlaufend mit Kantenschutzband eingefasst sein. Einschließlich Befestigungsmaterial, Bohrung und Dübel zur Befestigung an Wänden aus Ziegel, Kalksandstein oder Beton sowie an Profilstahlkonstruktionen. Die Bestandspläne sind vor dem Einschweißen dem Auftraggeber zur Sichtung und Prüfung vorzulegen. Abrechnung nach lfm Plan.","Planhöhe: bis 900mm, Planlänge: je nach Bedarf Kunststoff 1,0 mm dick, matt. Der eingeschweißte Bestandsplan ist auf verzinkten Blechplatten (mind. 1mm dick) mithilfe von Magneten zu befestigen und vor Ort nach Vorgabe vom Auftraggeber aufzuhängen. Die Blechplatte muss allseitig um mind. 10mm überstehen und umlaufend mit Kantenschutzband eingefasst sein. Einschließlich Befestigungsmaterial, Bohrung und Dübel zur Befestigung an Wänden aus Ziegel, Kalksandstein oder Beton sowie an Profilstahlkonstruktionen. Die Bestandspläne sind vor dem Einschweißen dem Auftraggeber zur Sichtung und Prüfung vorzulegen. Abrechnung nach lfm Plan.","Planhöhe: bis 900mm, Planlänge: je nach Bedarf Kunststoff 1,0 mm dick, matt. Der eingeschweißte Bestandsplan ist auf verzinkten Blechplatten (mind. 1mm dick) mithilfe von Magneten zu befestigen und vor Ort nach Vorgabe vom Auftraggeber aufzuhängen. Die Blechplatte muss allseitig um mind. 10mm überstehen und umlaufend mit Kantenschutzband eingefasst sein. Einschließlich Befestigungsmaterial, Bohrung und Dübel zur Befestigung an Wänden aus Ziegel, Kalksandstein oder Beton sowie an Profilstahlkonstruktionen. Die Bestandspläne sind vor dem Einschweißen dem Auftraggeber zur Sichtung und Prüfung vorzulegen. Abrechnung nach lfm Plan."
,"28,000",m,,
