Pos-Nr. (Pos- Nr.),Menge Einheit,Einheitspreis in EUR,Gesamtpreis in EUR
2.12.52,"1,000 St *** Wiederholungsbeschreibung zu Bezugs-OZ 2.12.32 Brandschutzklappe EI90S Gehäuse Stahl besch B 800mm H 400mm elektr Antrieb Federrücklauf 230V IP54 Nennbreite 800 mm, Nennhöhe 400 mm","1,000 St *** Wiederholungsbeschreibung zu Bezugs-OZ 2.12.32 Brandschutzklappe EI90S Gehäuse Stahl besch B 800mm H 400mm elektr Antrieb Federrücklauf 230V IP54 Nennbreite 800 mm, Nennhöhe 400 mm","1,000 St *** Wiederholungsbeschreibung zu Bezugs-OZ 2.12.32 Brandschutzklappe EI90S Gehäuse Stahl besch B 800mm H 400mm elektr Antrieb Federrücklauf 230V IP54 Nennbreite 800 mm, Nennhöhe 400 mm"
2.12.53,"3,000 St *** Wiederholungsbeschreibung zu Bezugs-OZ 2.12.32 Brandschutzklappe EI90S Gehäuse Stahl besch B 900mm H 400mm elektr Antrieb Federrücklauf IP54",,230V
2.12.54,"4,000 St *** Wiederholungsbeschreibung zu Bezugs-OZ 2.12.32 Brandschutzklappe EI90S Gehäuse Stahl besch B 1000mm H 400mm elektr Antrieb IP54 Nennbreite 1000 mm, Nennhöhe 400 mm",Federrücklauf,230V
2.12.55,"1,000 St *** Wiederholungsbeschreibung zu Bezugs-OZ 2.12.32 Brandschutzklappe EI90S Gehäuse Stahl besch B 1200mm H 400mm IP54 Nennbreite 1200 mm, Nennhöhe 400 mm",elektr Antrieb Federrücklauf,230V
2.12.56,"3,000 St *** Wiederholungsbeschreibung zu Bezugs-OZ 2.12.32 Brandschutzklappe EI90S Gehäuse Stahl besch B 1300mm H 400mm IP54 Nennbreite 1300 mm, Nennhöhe 400 mm",elektr Antrieb Federrücklauf,230V
2.12.57,"1,000 St *** Wiederholungsbeschreibung zu Bezugs-OZ 2.12.32 Brandschutzklappe EI90S Gehäuse Stahl besch B 1400mm H 400mm elektr IP54 Nennbreite 1400 mm, Nennhöhe 400 mm",Antrieb Federrücklauf,230V
2.12.58,"1,000 St *** Wiederholungsbeschreibung zu Bezugs-OZ 2.12.32 Brandschutzklappe EI90S Gehäuse Stahl besch B 1500mm H 500mm elektr Antrieb Federrücklauf IP54 Nennbreite 1500 mm, Nennhöhe 500 mm",,230V
2.12.59,"Brandschutzklappe EI90S Gehäuse Stahl besch DN160 elektr Antrieb Federrücklauf (Ex) Brandschutzklappe DIN EN 15650, Klassifizierung EI 90 S DIN EN 13501-3, beidseitig geprüft EN 1366-2, für vertikalen und horizontalen Einbau, Achslage waagerecht oder senkrecht, rauchdicht, Gehäuse aus beschichtetem Stahl, rund, DN 160, Luftdichtheitsklasse C DIN EN Einbau in massive Wand, Weichschotteinbau einschl. Abhänge-/Tragkonstruktion, mit Absperrklappenblatt aus mineralischem Baustoff, beschichtet, mit zwei elastischen Verbindungsstücken mit Potentialausgleich, mit thermoelektrischer Auslösung, Nennauslösetemperatur max. 72 Grad C, mit elektrischem Antrieb mit Federrücklauf und integrierten Endlageschaltern, thermoelektrischer Auslöseeinrichtung und Klemmkasten, in EX- Ausführung, ATEX-zertifiziert nach Richtlinie 2014/34/EU für Gase Zone 2 und Stäube Zone 22 (Kennzeichnung: II 3G c IIC T 6 bzw. II 3D c T80 °C). Versorgungsspannung 24 - 240 V AC/DC, ± 10%, selbstadaptiv 50-60Hz ± 20% / Anschlussleistung max. 20W, ca. 16 W / Einschaltstrom (< s) 2A / Laufzeit ca. 30 s (Motor) / ca. 10 s (Federrücklauf) / Schutzklasse I (Schutzleiter) Schutzgrad IP66","DIN 1751, je /",1
,"2,000 St *** Wiederholungsbeschreibung zu Bezugs-OZ 2.12.59",,
