Pos-Nr. Nr.),(Pos-,Einheit,Einheitspreis in EUR Gesamtpreis EUR
5.1.2,,"Gesamtbetrag: Gemäß Ausführungsbeschreibung 10: Innenreinigung der Klimaanlagen Zuluft Labore 04RLT01 bis 04RLT06 nach Bauzeit Innenreinigung der Zuluftklimaanlagen 04RLT01 bis 04RLT06, wie vorab beschrieben, pro Gerät","Gesamtbetrag: Gemäß Ausführungsbeschreibung 10: Innenreinigung der Klimaanlagen Zuluft Labore 04RLT01 bis 04RLT06 nach Bauzeit Innenreinigung der Zuluftklimaanlagen 04RLT01 bis 04RLT06, wie vorab beschrieben, pro Gerät"
5.1.3,,"6,000 St Gemäß Ausführungsbeschreibung 10: Innenreinigung der Klimaanlage Abluft Labore 04RLT07 nach Bauzeit Innenreinigung der Abluftanlage 04RLT07, wie vorab beschrieben","6,000 St Gemäß Ausführungsbeschreibung 10: Innenreinigung der Klimaanlage Abluft Labore 04RLT07 nach Bauzeit Innenreinigung der Abluftanlage 04RLT07, wie vorab beschrieben"
5.1.4,,"1,000 St Gemäß Ausführungsbeschreibung 10: Innenreinigung der Teilklimaanlage Zu- u. Abluft Nebenräume 04RLT08, 04 RLT09 nach Bauzeit Innenreinigung der Zuluftteilklimaanlage 04RLT08 und der zugehörigen Abluftanlage 04RLT09, wie vorab beschrieben","1,000 St Gemäß Ausführungsbeschreibung 10: Innenreinigung der Teilklimaanlage Zu- u. Abluft Nebenräume 04RLT08, 04 RLT09 nach Bauzeit Innenreinigung der Zuluftteilklimaanlage 04RLT08 und der zugehörigen Abluftanlage 04RLT09, wie vorab beschrieben"
5.1.5,,"1,000 St Gemäß Ausführungsbeschreibung 10: Innenreinigung der Klimaanlage Zu- u. Abluft Besprechung 04RLT10, 04RLT11 nach Bauzeit Innenreinigung der Zuluftteilklimaanlage 04RLT10 und der zugehörigen Abluftanlage 04RLT1, wie vorab beschrieben","1,000 St Gemäß Ausführungsbeschreibung 10: Innenreinigung der Klimaanlage Zu- u. Abluft Besprechung 04RLT10, 04RLT11 nach Bauzeit Innenreinigung der Zuluftteilklimaanlage 04RLT10 und der zugehörigen Abluftanlage 04RLT1, wie vorab beschrieben"
5.1.6,,"1,000 St Gemäß Ausführungsbeschreibung 10: Innenreinigung der PFO-Module 04RLT14 nach Bauzeit vor Endabnahme Innenreinigung der Komponenten der Prozessfortluftanlagen Anlage 04RLT14, wie vorab beschrieben, je PFO-Anlage","1,000 St Gemäß Ausführungsbeschreibung 10: Innenreinigung der PFO-Module 04RLT14 nach Bauzeit vor Endabnahme Innenreinigung der Komponenten der Prozessfortluftanlagen Anlage 04RLT14, wie vorab beschrieben, je PFO-Anlage"
5.1.7,,"3,000 St Gemäß Ausführungsbeschreibung 10: Innenreinigung der PFO-Module 04RLT15 nach Bauzeit vor Endabnahme Innenreinigung der Komponenten der Prozessfortluftanlagen Anlage 04RLT15, wie vorab beschrieben, je PFO-Anlage","3,000 St Gemäß Ausführungsbeschreibung 10: Innenreinigung der PFO-Module 04RLT15 nach Bauzeit vor Endabnahme Innenreinigung der Komponenten der Prozessfortluftanlagen Anlage 04RLT15, wie vorab beschrieben, je PFO-Anlage"
5.1.8,,"2,000 St Gemäß Ausführungsbeschreibung 10: Innenreinigung der PFO-Module 04RLT16 bis 04RLT18 nach Bauzeit vor Endabnahme Innenreinigung der Komponenten der Prozessfortluftanlagen Anlage 04RLT16 bis 04RLT18, wie vorab beschrieben, als pauschale Leistung","2,000 St Gemäß Ausführungsbeschreibung 10: Innenreinigung der PFO-Module 04RLT16 bis 04RLT18 nach Bauzeit vor Endabnahme Innenreinigung der Komponenten der Prozessfortluftanlagen Anlage 04RLT16 bis 04RLT18, wie vorab beschrieben, als pauschale Leistung"
5.1.9,,"1,000 St Gemäß Ausführungsbeschreibung 10: Innenreinigung der Gebläsekonvektoren Innenreinigung der Gebläsekonvekoren, wie vorab beschrieben, je Gebläsekonvektor St Druckprüfung nach DIN EN 14239 Druckprüfung nach DIN EN 14239,","1,000 St Gemäß Ausführungsbeschreibung 10: Innenreinigung der Gebläsekonvektoren Innenreinigung der Gebläsekonvekoren, wie vorab beschrieben, je Gebläsekonvektor St Druckprüfung nach DIN EN 14239 Druckprüfung nach DIN EN 14239,"
5.1.10,,"117,000 Dichtheitsprüfung/ Dichtheitsprüfung/ ""Lüftung von Gebäuden - Luftleitungen - Messung von Luftleitungsoberflächen"" Anforderungen an die Messung der Luftdichtheit (Luftleckrate je Oberflächeneinheit) *** Bezugsbeschreibung Dichtheitsprüfung/ Druckprüfung Luftleitung, Stahl, verzinkt","117,000 Dichtheitsprüfung/ Dichtheitsprüfung/ ""Lüftung von Gebäuden - Luftleitungen - Messung von Luftleitungsoberflächen"" Anforderungen an die Messung der Luftdichtheit (Luftleckrate je Oberflächeneinheit) *** Bezugsbeschreibung Dichtheitsprüfung/ Druckprüfung Luftleitung, Stahl, verzinkt"
