Pos-Nr. Nr.),(Pos-,Menge Einheit Einheitspreis in EUR Gesamtpreis in EUR
1.9.52,,"Brandschutzklappe EI90S Gehäuse Stahl verz B 1300mm H 500mm elektr Antrieb Federrücklauf 230V IP54 Nennbreite 1300 mm, Nennhöhe 500 mm"
1.9.53,,"1,000 St *** Wiederholungsbeschreibung zu Bezugs-OZ 1.9.27 Brandschutzklappe EI90S Gehäuse Stahl verz B 1400mm H 300mm elektr Antrieb Federrücklauf 230V IP54 Nennbreite 1400 mm, Nennhöhe 500 mm"
1.9.54,,"1,000 St Überströmeinrichtg Gehäuse Stahl verz B 600mm H 400mm elektr Antrieb Federrücklauf 230V IP54 STLB-Bau 2023-10 075 6444 Überströmeinrichtung als feuerwiderstandsfähiger Abschluss, Klassifizierung EI 90 S DIN EN 13501-3, beidseitig geprüft DIN EN 1366-2, für vertikalen und horizontalen Einbau, rauchdicht, Gehäuse aus verzinktem Stahl, eckig, Nennbreite 600 mm, Nennhöhe 400 mm, Länge 500 mm, Luftdichtheitsklasse B DIN EN 1751, Einbau in massive Wand, mit Inspektionsöffnung, mit Absperrklappenblatt aus mineralischem Baustoff, mit Schutzgittern, mit thermoelektrischer Auslösung, Nennauslösetemperatur max. 72 Grad C, mit elektrischem Antrieb mit Federrücklauf und integrierten Endlageschaltern, Bemessungsbetriebsspannung 230 V AC, Schutzart IP 54 DIN EN 60529 (VDE 0470-1), einschl. Rauchauslöseeinrichtung, mit Rauchmelder, Steuereinheit und Signalanzeige."
,,"1,000 St Brandschutzklappen, Stahl verzinkt, eckig, Nasseinbau in Massivwand, Ex-Antrieb Brandschutzklappen, Stahl verzinkt, eckig, Nasseinbau in Massivwand, Ex-Antrieb *** Bezugsbeschreibung"
1.9.55,,"Brandschutzklappe EI90S Gehäuse Stahl verz B 600mm H 300mm elektr Antrieb Federrücklauf (Ex) Brandschutzklappe DIN EN 15650, Klassifizierung EI 90 S DIN EN 13501-3, beidseitig geprüft DIN EN 1366-2, für vertikalen und horizontalen Einbau, Achslage waagerecht oder senkrecht, rauchdicht, Gehäuse aus verzinktem Stahl, eckig, Nennbreite 600 mm, Nennhöhe 300 mm, Luftdichtheitsklasse B DIN EN 1751, Einbau in massive Wand, Nasseinbau, mit Absperrklappenblatt aus mineralischem Baustoff, mit thermoelektrischer Auslösung, Nennauslösetemperatur max. 72 Grad C, mit elektrischem Antrieb mit Federrücklauf und integrierten Endlageschaltern, thermoelektrischer Auslöseeinrichtung und Klemmkasten, in EX-Ausführung, ATEX-zertifiziert nach Richtlinie 2014/34/EU für Gase Zone 2 und Stäube Zone 22 (Kennzeichnung: II 3G c IIC T 6 bzw. II 3D c T80 °C). Versorgungsspannung 24 - 240 V AC/DC, je ± 10%, selbstadaptiv 50-60Hz ± 20% / Anschlussleistung max. 20W, ca. 16 W / Einschaltstrom (< 1 s) 2A / Laufzeit ca. 30 s (Motor) / ca. 10 s (Federrücklauf) / Schutzklasse I (Schutzleiter) / Schutzgrad IP66"
1.9.56,,"1,000 St *** Wiederholungsbeschreibung zu Bezugs-OZ 1.9.55 Brandschutzklappe EI90S Gehäuse Stahl verz B 900mm H 300mm elektr Antrieb Federrücklauf (Ex) Nennbreite 900 mm, Nennhöhe 300 mm"
1.9.57,,"1,000 St *** Bezugsbeschreibung Schließen Fuge BSK EI90 Gebäude Decke D 300mm B 40-60mm U bis 1000mm Mörtel MGIII STLB-Bau 2023-10 047 3019 Schließen der Fuge um Brandschutzklappe, gemäß allgemeiner bauaufsichtlicher Zulassung der Brandschutzklappe, Klassifizierung EI 90 DIN EN 13501-3, beidseitig geprüft DIN EN 1366-2, für vertikalen und horizontalen Einbau, rauchdicht S, im Gebäude, Arbeitshöhe des Montageortes bis 3,5 m über der Standfläche des hierfür erforderlichen Gerüstes, Decke aus Stahlbeton, Dicke 300 mm, Fugenbreite über 40 bis 60 mm, äußerer Umfang der Fuge bis 1000 mm, mit Mörtel V 18580, Mörtelgruppe III, Abrechnung nach äußerem Umfang der Fuge."
1.9.58,,"2,000 m *** Wiederholungsbeschreibung zu Bezugs-OZ 1.9.57 Schließen Fuge BSK EI90 Gebäude Decke D 300mm B 40-60mm U 1000-2500mm Mörtel MGIII STLB-Bau 2023-10 047 3019 äußerer Umfang der Fuge über 1000 bis 2500 mm,"
1.9.59,,"*** Wiederholungsbeschreibung zu Bezugs-OZ 1.9.57 Schließen Fuge BSK EI90 Gebäude Decke D 300mm B 40-60mm U 2500-5000mm Mörtel MGIII STLB-Bau 2023-10 047 3019 äußerer Umfang der Fuge über 2500 bis 5000 mm,"
