Pos-Nr. (Pos- Nr.),Menge Einheit,Einheitspreis in Gesamtpreis in
2.16.53,"30 Grad, Außendurchmesser 200 mm, Montagehöhe über Gelände/Fußboden über 4,000 St *** Bezugsbeschreibung Bogen als Passstück größer 90Grad PPs-el DN110 H 3,5-5m","EUR EUR 3,5 bis 5 m,"
2.16.54,"1,000 St *** Wiederholungsbeschreibung zu Bezugs-OZ 2.16.53 Bogen als Passstück größer 90Grad PPs-el DN160 H 3,5-5m Außendurchmesser 160 mm 4,000 St",
2.16.55 2.16.56,"*** Wiederholungsbeschreibung zu Bezugs-OZ 2.16.53 Bogen als Passstück größer 90Grad PPs-el DN200 H 3,5-5m Außendurchmesser 200 mm 3,000 St *** Bezugsbeschreibung Übergangsstück Luftleitg rund konisch PPs-el DN90 H bis 3,5m",
,"STLB-Bau 2023-10 075 3620 Übergangsstück, für Luftleitung, rund, konisch, aus Polypropylen (PPs-el) elektrisch Baustoffklasse DIN 4102-1 B1 (schwerentflammbar), Mindest-Wanddicke gemäß max. und Temperatur, Außendurchmesser 90 mm, Verbindung geschweißt, max. Betriebsüber-/-unterdruck über 1000 bis 3000 Pa, min./max. Temperatur der geförderten Luft -15 bis 40 über Gelände/Fußboden bis 3,5 m, mit Aufhänge-/Auflagekonstruktion DIN EN 12236, befestigen mit Befestigungsmitteln mit bauaufsichtlichem Nachweis einschl. Befestigungsuntergrund Stahlbeton.","leitfähig, Betriebsdruck Grad C, Montagehöhe schallgedämmt, Bohrungen, zu Bezugs-OZ 2.16.56 rund konisch PPs-el DN90 H 3,5-5m"
2.16.57,"150,000 St *** Wiederholungsbeschreibung Übergangsstück Luftleitg STLB-Bau 2023-10 075 3620 Montagehöhe über Gelände/Fußboden über 3,5 bis 5 m,",
2.16.58,"100,000 St *** Wiederholungsbeschreibung zu Bezugs-OZ Übergangsstück Luftleitg rund konisch STLB-Bau 2023-10 075 3620 Außendurchmesser 110 mm,","2.16.56 PPs-el DN110 H bis 3,5m"
2.16.59,"40,000 St *** Wiederholungsbeschreibung zu Bezugs-OZ 2.16.56 Übergangsstück Luftleitg rund konisch PPs-el DN110 H 3,5-5m STLB-Bau 2023-10 075 3620 Außendurchmesser 110 mm, Montagehöhe über Gelände/Fußboden über","3,5 bis 5 m,"
2.16.60,"60,000 St *** Wiederholungsbeschreibung zu Bezugs-OZ 2.16.56 Übergangsstück Luftleitg rund konisch PPs-el DN125 H bis 3,5m STLB-Bau 2023-10 075 3620 Außendurchmesser 125 mm,",
2.16.61,"20,000 St *** Wiederholungsbeschreibung zu Bezugs-OZ 2.16.56 Übergangsstück Luftleitg rund konisch PPs-el DN125 H 3,5-5m STLB-Bau 2023-10 075 3620 Außendurchmesser 125 mm, Montagehöhe über Gelände/Fußboden über","3,5 bis 5 m,"
