Pos-Nr. (Pos- Nr.),Menge weiten usw. - Übernahme,"Einheit Adressen und Bezeichnungen, die",Einheitspreis in EUR,Gesamtpreis in EUR
,"MSR-Ersteller vorgegeben werden - Erstellen von Funktionsdiagrammen, Kennlinien von Ventilatoren und Pumpen, - Beschreibung der Betriebsweisen, Funktionen, Verknüpfungen - Sicherheitsüberlegungen - Gerätepläne mit allen technischen Daten - Abstimmungsgespräche mit allen beteiligten Planern - Bei genehmigungspflichtigen Anlagen Durchsprache und Abstimmung mit den zuständigen Prüforganisationen (TÜV, VdS, GAA, usw.) nach Absprache mit dem AG Hinweis: Die Korrdinationspflicht beinhaltet alle im Leistungsverzeichnis enthaltenen","MSR-Ersteller vorgegeben werden - Erstellen von Funktionsdiagrammen, Kennlinien von Ventilatoren und Pumpen, - Beschreibung der Betriebsweisen, Funktionen, Verknüpfungen - Sicherheitsüberlegungen - Gerätepläne mit allen technischen Daten - Abstimmungsgespräche mit allen beteiligten Planern - Bei genehmigungspflichtigen Anlagen Durchsprache und Abstimmung mit den zuständigen Prüforganisationen (TÜV, VdS, GAA, usw.) nach Absprache mit dem AG Hinweis: Die Korrdinationspflicht beinhaltet alle im Leistungsverzeichnis enthaltenen","MSR-Ersteller vorgegeben werden - Erstellen von Funktionsdiagrammen, Kennlinien von Ventilatoren und Pumpen, - Beschreibung der Betriebsweisen, Funktionen, Verknüpfungen - Sicherheitsüberlegungen - Gerätepläne mit allen technischen Daten - Abstimmungsgespräche mit allen beteiligten Planern - Bei genehmigungspflichtigen Anlagen Durchsprache und Abstimmung mit den zuständigen Prüforganisationen (TÜV, VdS, GAA, usw.) nach Absprache mit dem AG Hinweis: Die Korrdinationspflicht beinhaltet alle im Leistungsverzeichnis enthaltenen","MSR-Ersteller vorgegeben werden - Erstellen von Funktionsdiagrammen, Kennlinien von Ventilatoren und Pumpen, - Beschreibung der Betriebsweisen, Funktionen, Verknüpfungen - Sicherheitsüberlegungen - Gerätepläne mit allen technischen Daten - Abstimmungsgespräche mit allen beteiligten Planern - Bei genehmigungspflichtigen Anlagen Durchsprache und Abstimmung mit den zuständigen Prüforganisationen (TÜV, VdS, GAA, usw.) nach Absprache mit dem AG Hinweis: Die Korrdinationspflicht beinhaltet alle im Leistungsverzeichnis enthaltenen"
,"1,000",St,,
5.5.4,"Informationsaustausch Information zur Lüftung und Prozessfortluftanlagen an die AN Sanitär, Heizung/ Kälte, Reinstwasseranlagen und Technische Gase übergeben und fortschreiben, die Informationen werden mit den AN der beteiligten Leistungsbereiche abgestimmt und bearbeitet nach Bauzeitenplan, die Informationsunterlagen beinhalten Verortung und Anschlussbedingungen für andere Gewerke, die","Informationsaustausch Information zur Lüftung und Prozessfortluftanlagen an die AN Sanitär, Heizung/ Kälte, Reinstwasseranlagen und Technische Gase übergeben und fortschreiben, die Informationen werden mit den AN der beteiligten Leistungsbereiche abgestimmt und bearbeitet nach Bauzeitenplan, die Informationsunterlagen beinhalten Verortung und Anschlussbedingungen für andere Gewerke, die","Informationsaustausch Information zur Lüftung und Prozessfortluftanlagen an die AN Sanitär, Heizung/ Kälte, Reinstwasseranlagen und Technische Gase übergeben und fortschreiben, die Informationen werden mit den AN der beteiligten Leistungsbereiche abgestimmt und bearbeitet nach Bauzeitenplan, die Informationsunterlagen beinhalten Verortung und Anschlussbedingungen für andere Gewerke, die","Informationsaustausch Information zur Lüftung und Prozessfortluftanlagen an die AN Sanitär, Heizung/ Kälte, Reinstwasseranlagen und Technische Gase übergeben und fortschreiben, die Informationen werden mit den AN der beteiligten Leistungsbereiche abgestimmt und bearbeitet nach Bauzeitenplan, die Informationsunterlagen beinhalten Verortung und Anschlussbedingungen für andere Gewerke, die"
,,,Gesamtbetrag:,
