Pos-Nr. (Pos-,Menge Einheit Tür mit Hebel-/ Doppelhebelverschluss,Einheitspreis in,Gesamtpreis in
Nr.),"Ventilator, Hybridlaufrad Volumenstrom: 16.000 m³/h Druckverlust extern: min. 750 Pa Druckverlust gesamt: max. 1.285 Pa Drehzahlreserve: min. 14 % Motorbauart: PM Motorwirkungsgradklasse: min. IE5 Elektr. Leistungsaufnahme: max. 7,06 kW Motornennleistung: max. 11,00 kW Motornenndrehzahl: 1.600 1/m Nennstrom: 24,00 A Spannung: 3x400 V Nennfrequenz: 50 Hz Schutzart: IP54 Tür mit abschließbaren Hebel-/ Doppelhebelverschluss Schauglas doppelschalig Beleuchtung 230 V/ IP 65 montiert und verdrahtet Lichtschalter montiert und verdrahtet Messnippelset Ringmessleitung Reparaturschalter montiert und verkabelt Relaimodul eingebaut",EUR,EUR
,Schalldämpfer Anordnung: Fortluft Volumenstrom: 16.000 m³/h Einfügungsdämpfung: gemäß Geräteschalldaten,,
,Ansaug- / Ausblassektion Anordnung Kanalanschluss: stirnseitig Baulänge: min. 1.050 mm Tür mit Hebel-/ Doppelhebelverschluss Jalousieklappe innen montiert Entkoppelter Anschlussstutzen montiert,,
,Summen-Schallleistungspegel LW(A) Kanalanschluss Abuft: max. 60 dB(A) Kanalanschluss Fortluft: max. 60 dB(A) Gehäuse Abluft: max. 61 dB(A),,
,Gerätegrundrahmen 300 mm Kranösen für jede Liefereinheit Boden innen abgedichtet Potentialausgleichskabel,,
1.4.2,"1,000 St Schwingungsgedämpfte Aufstellung Klimagerät Körperschalldämmung und Schwingungsentkopplung für die beschriebenen Klimaanlage 04RLT08/09. Unter den elastischem Material in Mehrschichtanordnung anzubringen, x 25mm). Die Dimensionierung der Unterlegelemente erfolgt in einzelnen Klimablöcke und ist im Rahmen der Werks- und Unterlegelemente für die Anlage 04RLT08/09.","Geräteaufstellung der Gerätegrundrahmen sind Breite ca. 140 mm, Abhängigkeit der Montageplanung rechnerisch",zuvor Isolierschichten aus Höhe ca. 50 mm (2 Lasten der nachzuweisen.
1.4.3,"1,000 psch Lastverteilplatten Klimagerät Zur Lastverteilung werden die Klimageräte auf Stahlplatten aufgestellt. Es sind dafür Stahlplatten aus Stahl, verzinkt zu verwenden, als unter der Schwingungsentkopplung des Klimagerätes, mit einer Breite von ca. 200 mm, Dicke mm, Stahlblechstreifen geschnitten und entgratet, die Verzinkung erfolgt nach dem",,Unterlegstreifen ca. 6 Entgraten.
1.4.4,"16,000 m Stillstandswartung 04RLT08/09 Stillstandswartung für die Anlagen 04RLT08/09 Bei der Stillstandswartung sind alle drehenden Teile wie Ventilator, Rotor, Jalousieklappe usw. zu bewegen und ggf. nachzuschmieren. Eine Stillstandswartung ist alle drei Monate bis zur","16,000 m Stillstandswartung 04RLT08/09 Stillstandswartung für die Anlagen 04RLT08/09 Bei der Stillstandswartung sind alle drehenden Teile wie Ventilator, Rotor, Jalousieklappe usw. zu bewegen und ggf. nachzuschmieren. Eine Stillstandswartung ist alle drei Monate bis zur","16,000 m Stillstandswartung 04RLT08/09 Stillstandswartung für die Anlagen 04RLT08/09 Bei der Stillstandswartung sind alle drehenden Teile wie Ventilator, Rotor, Jalousieklappe usw. zu bewegen und ggf. nachzuschmieren. Eine Stillstandswartung ist alle drei Monate bis zur"
