Pos-Nr. Nr.),(Pos-,Menge Einheit Einheitspreis in EUR Gesamtpreis in EUR
1.12.9,,"Luftltg rechteckig Stahl verz gefalzt Kanten-L 1000-1500mm WD 1,1mm H 5-7m Aufhänge-/ Auflagekonstruktion schallg. STLB-Bau 2023-10 075 3627"
1.12.10,,"880,000 m2 *** Wiederholungsbeschreibung zu Bezugs-OZ 1.12.1 Luftltg rechteckig Stahl verz gefalzt Kanten-L 1500-2000mm WD 1,1mm H bis 3,5m Aufhänge-/ Auflagekonstruktion schallg. STLB-Bau 2023-10 075 3627"
1.12.11,,"25,000 m2 *** Wiederholungsbeschreibung zu Bezugs-OZ 1.12.1 Luftltg rechteckig Stahl verz gefalzt Kanten-L 1500-2000mm WD 1,1mm H 3,5-5m Aufhänge-/ Auflagekonstruktion schallg. STLB-Bau 2023-10 075 3627 Kantenlänge über 1500 bis 2000 mm, Wanddicke 1,1 mm, Montagehöhe über Gelände/Fußboden über 3,5"
1.12.12,,"200,000 m2 *** Wiederholungsbeschreibung zu Bezugs-OZ 1.12.1 Luftltg rechteckig Stahl verz gefalzt Kanten-L 1500-2000mm WD 1,1mm H 5-7m Aufhänge-/ Auflagekonstruktion schallg. STLB-Bau 2023-10 075 3627 Kantenlänge über 1500 bis 2000 mm, Wanddicke 1,1 mm, Montagehöhe über Gelände/Fußboden über 5 bis 7 m,"
1.12.13,,"275,000 m2 *** Wiederholungsbeschreibung zu Bezugs-OZ 1.12.1 Luftltg rechteckig Stahl verz gefalzt Kanten-L ü. 2000mm WD 1,1mm H bis 3,5m Aufhänge-/ Auflagekonstruktion schallg. STLB-Bau 2023-10 075 3627 Kantenlänge über 2000 mm, Wanddicke 1,1 mm,"
1.12.14,,"78,000 m2 *** Wiederholungsbeschreibung zu Bezugs-OZ 1.12.1 Luftltg rechteckig Stahl verz gefalzt Kanten-L ü. 2000mm WD 1,1mm H 3,5-5m Aufhänge-/ Auflagekonstruktion schallg. STLB-Bau 2023-10 075 3627 Kantenlänge über 2000 mm, Wanddicke 1,1 mm, Montagehöhe über Gelände/Fußboden über 3,5 bis 5 m, 104,000 m2"
1.12.15,,"Luftltg rechteckig Stahl verz gefalzt Kanten-L ü. 2000mm WD 1,1mm H 5-7m Aufhänge-/ Auflagekonstruktion schallg. STLB-Bau 2023-10 075 3627 Kantenlänge über 2000 mm, Wanddicke 1,1 mm, Montagehöhe über Gelände/Fußboden über 5 bis 7 m, 104,000 m2 *** Bezugsbeschreibung Formstück Luftltg rechteckig Stahl verz gefalzt Kanten-L bis 500mm H bis 3,5m STLB-Bau 2023-10 075 4888 Formstück für Luftleitung, rechteckig, Luftdichtheitsklasse ATC3 DIN EN 16798-3, Druckklasse 2 DIN EN 1507, aus verzinktem Stahl, gefalzt, Maße DIN EN 1505, Kantenlänge bis 500 mm, 0,7 mm, Verbindung mit Profil-Schraubverbindung, min./max. Temperatur der geförderten Luft bis 40 Grad C, Montagehöhe über Gelände/Fußboden bis 3,5 m, mit Aufhänge-/Auflagekonstruktion"
1.12.16,,"Wanddicke -15 DIN EN 12236, schallgedämmt, befestigen mit Befestigungsmitteln mit bauaufsichtlichem Nachweis einschl. Bohrungen, Befestigungsuntergrund Stahlbeton. 270,000 m2 *** Wiederholungsbeschreibung zu Bezugs-OZ 1.12.16 Luftltg rechteckig Stahl verz gefalzt Kanten-L bis 500mm H 3,5-5m"
1.12.17,,"Formstück STLB-Bau 2023-10 075 4888 Montagehöhe über Gelände/Fußboden über 3,5 bis 5 m,"
