Pos-Nr. Nr.),Menge Einheit,Einheitspreis in EUR Gesamtpreis in EUR
2.17.10,"STLB-Bau 2023-10 075 3627 Kantenlänge über 1000 bis 1500 mm, Wanddicke 3 mm, Montagehöhe über Gelände/Fußboden 7 m,",über 5 bis
,"110,000 m2 *** Wiederholungsbeschreibung zu Bezugs-OZ 2.17.1 Luftltg rechteckig Stahl verz geschweißt Kanten-L 1500-2000mm WD Auflagekonstruktion schallg. STLB-Bau 2023-10 075 3627 Kantenlänge über 1500 bis 2000 mm, Wanddicke 3 mm,","3mm H bis 3,5m Aufhänge-/"
2.17.11,"15,000 m2 *** Wiederholungsbeschreibung zu Bezugs-OZ 2.17.1 Luftltg rechteckig Stahl verz geschweißt Kanten-L 1500-2000mm WD 3mm Auflagekonstruktion schallg. STLB-Bau 2023-10 075 3627 Kantenlänge","H 3,5-5m Aufhänge-/ über 1500 bis 2000 mm, Wanddicke 3 mm, Montagehöhe über Gelände/Fußboden über 3,5 bis 5 m,"
2.17.12,"30,000 m2 *** Wiederholungsbeschreibung zu Bezugs-OZ 2.17.1 Luftltg rechteckig Stahl verz geschweißt Kanten-L 1500-2000mm Auflagekonstruktion schallg. STLB-Bau 2023-10 075 3627 Kantenlänge über 1500 bis 2000 mm, Wanddicke 3 mm, 7 m,",WD 3mm H 5-7m Aufhänge-/ Montagehöhe über Gelände/Fußboden über 5 bis
2.17.13,"100,000 m2 *** Bezugsbeschreibung Formstück Luftltg rechteckig Stahl verz geschweißt Kanten-L bis 500mm H bis STLB-Bau 2023-10 075 4888 Formstück für Luftleitung, rechteckig, Luftdichtheitsklasse ATC2 DIN EN DIN EN 1507, aus verzinktem Stahl, geschweißt, Maße DIN EN 1505, Wanddicke 2 mm, Verbindung mit Winkelflansch, mit Schrauben und Dichtung, der geförderten Luft -15 bis 40 Grad C, Montagehöhe über Gelände/Fußboden Aufhänge-/Auflagekonstruktion DIN EN 12236, mit bauaufsichtlichem Nachweis einschl. 130,000 m2","3,5m 16798-3, Druckklasse 2 Kantenlänge bis 500 mm, min./max. Temperatur bis 3,5 m, mit schallgedämmt, befestigen mit Befestigungsmitteln Bohrungen, Befestigungsuntergrund Stahlbeton."
2.17.14 2.17.15,"*** Wiederholungsbeschreibung zu Bezugs-OZ 2.17.13 Formstück Luftltg rechteckig Stahl verz geschweißt Kanten-L STLB-Bau 2023-10 075 4888 Montagehöhe über Gelände/Fußboden über 3,5 bis 5 m, 10,000 m2","bis 500mm H 3,5-5m *** Wiederholungsbeschreibung zu Bezugs-OZ 2.17.13 Formstück Luftltg rechteckig Stahl verz geschweißt Kanten-L bis 500mm H 5-7m STLB-Bau 2023-10 075 4888"
2.17.16,"10,000 m2 *** Wiederholungsbeschreibung zu Bezugs-OZ 2.17.13 Formstück Luftltg rechteckig Stahl verz geschweißt Kanten-L STLB-Bau 2023-10 075 4888 Kantenlänge über 500 bis 1000 mm,","500-1000mm H bis 3,5m 10,000 m2 *** Wiederholungsbeschreibung zu Bezugs-OZ 2.17.13 Formstück Luftltg rechteckig Stahl verz geschweißt Kanten-L 500-1000mm H 3,5-5m"
2.17.17,"STLB-Bau 2023-10 075 4888 Kantenlänge über 500 bis 1000 mm, Montagehöhe über","Gelände/Fußboden über 3,5 bis 5 m,"
2.17.18,"15,000 m2 *** Wiederholungsbeschreibung zu Bezugs-OZ 2.17.13 Formstück Luftltg rechteckig Stahl verz geschweißt Kanten-L 500-1000mm STLB-Bau 2023-10 075 4888",H 5-7m
