Pos-Nr. Nr.),(Pos-,Menge Einheit,Einheitspreis in EUR,Gesamtpreis in EUR
1.1.18,,"2,000 St Inbetriebnahme und Einweisung Vakuum-Sprührohrentgasung Inbetriebnahme-Service, Überprüfung der Installation / der Montage Befüllen und Entlüften, Parametrierung der Steuereinheit, mit den Gewerken Elektro und MSR, Einweisung zuständige technische einschl. Ausfertigung eines Einweisungsprotokolls mit Unterschrift des Eingewiesenen, mind. 4 Wochen vor Probebetrieb, Interaktionstestungen. Hinweis: Es kann nicht davon ausgegangen werden, dass die Geräte setzen sind. Die Kalkulation hat als Einzelinbetriebnahme zu erfolgen.",Schnittstellentest in Mitarbeiter Einweisenden gleichzeitig in Dies gilt,"Vakuum-Sprührohrentgasung, Zusammenarbeit des Betreibers, und der Betrieb zu insbesondere"
1.1.19,,"2,000 St Bohrungen für MSR Bohrungen für MSR",,
,,Für das Gewerk MSR ist aus Gründen der Gewährleistung die Erstellung der Bohrung durch die Wandungen des Klimagerätes nicht gestattet. Daher sind die Bohrungen durch die Wandungen Klimagerätes mit dem Gewerk MSR zu erstellen. Maximale Nennweite einer Bohrung: 40mm,,des
,,"Die Bohrungen sind gemäß den Qualitätsanforderungen der Konstruktionsanforderungen des Klimagerätes wieder zu verschließen. Es ist jedoch eine Grundplatte in V4A mit einer aufgeschweißten Hülse vorzusehen. Die Hülse muss bei Kabeldurchführungen ein Innengewinde haben um die PG-Verschraubungen eindrehen zu können. Hülsengewinde und Durchmesser sind mit dem Gewerk MSR und Starkstrom abzustimmen. Die Grundplatten sind auf den Innen- und Außenseiten der Geräte anzubringen. Die Befestigung Grundplatten hat luft- und wasserdicht zu erfolgen. Die Abdichtung darf nur mit einem zugelassenen Dichtstoff erfolgen. Inkl. Lieferung der passenden PG-Verschraubung und an das Gewerk MSR. Inkl. aller notwendigen Befestigungs-, Konstruktions- und Dichtungsmaterialien.",,mindestens Die der Übergabe
1.1.20,,"140,000 St Stillstandswartung 04RLT01 bis 04RLT06, 04WRG01 und 04WRG02 Stillstandswartung für die Anlagen 04RLT01 bis 04RLT06, 04WRG01 Bei der Stillstandswartung sind alle drehenden Teile wie Ventilator, zu bewegen und ggf. nachzuschmieren. Eine Stillstandswartung ist Inbetriebnahme durchzuführen. Über die durchgeführten fortlaufendes Protokoll zu erstellen.","und 04WRG02 Rotor, alle drei Stillstandswartungen ist",Jalousieklappe usw. Monate bis zur ein
1.1.21,,"7,000 St Nachweis Wärmerückgewinnung Kreislaufverbundsystem Die trockene Rückwärmzahl RWZ (Temperaturübertragungsgrad) ist durch eine nach der Inbetriebnahme durch den AN im Beisein des AG als Garantiewert nachzuweisen. Die Festlegungen zu den Randbedingungen der Leistungsermittlung werden während der Inbetriebnahme getroffen. Zusätzlich ist die Temperatur am Zuluftaustritt zu messen. Die Luftmasseströme von Zu- und Abluft je KVS müssen möglichst ausgeglichen sein.",,
,,Leistungsermittlung Für die Berechnung können die von der Gebäudeautomation bereitgestellten Messwerte werden. Verwendet wird die Formel nach DIN EN 308 Punkt 3.2.2 für die Temperatur- Bruttoeffizienz. Inklusive Erstellen eines Messprotokolls.,,verwendet
1.1.22,,"2,000",,
,,St Nachweis Wärmerückgewinnung Plattenwärmeübertrager Die trockene Rückwärmzahl RWZ (Temperaturübertragungsgrad) ist durch eine Leistungsermittlung nach der Inbetriebnahme durch den AN im Beisein des AG als Garantiewert nachzuweisen. Die Festlegungen zu den Randbedingungen der Leistungsermittlung werden während der Inbetriebnahme getroffen. Zusätzlich ist die Temperatur am Zuluftaustritt zu messen. Die Luftmasseströme von Zu- und Abluft müssen möglichst ausgeglichen sein. Für die Berechnung können die von der Gebäudeautomation bereitgestellten Messwerte verwendet werden. Verwendet wird die Formel nach DIN EN 308 Punkt 3.2.2 für die Temperatur- Bruttoeffizienz. Inklusive Erstellen eines Messprotokolls.,,
