Pos-Nr. Nr.),Menge,Einheit,Gesamtpreis in EUR
,STLB-Bau 2023-10 075 3608,STLB-Bau 2023-10 075 3608,STLB-Bau 2023-10 075 3608
,Einbaumaße L/B/H in mm 1000/400/400 Mind.-Dämpfung bei den Oktavmittenfrequenzen 63/125/250/500/1000/2000/4000/8000 Hz in dB 2/6/13/13/13/10/8/8,Einbaumaße L/B/H in mm 1000/400/400 Mind.-Dämpfung bei den Oktavmittenfrequenzen 63/125/250/500/1000/2000/4000/8000 Hz in dB 2/6/13/13/13/10/8/8,Einbaumaße L/B/H in mm 1000/400/400 Mind.-Dämpfung bei den Oktavmittenfrequenzen 63/125/250/500/1000/2000/4000/8000 Hz in dB 2/6/13/13/13/10/8/8
,"1,000 St","1,000 St","1,000 St"
2.6.7,Kulissenschalldämpfer rechteckig Druckdifferenz bis 30Pa Gehäuse Stahl verz Kulissenrahmen Stahl verz STLB-Bau 2023-10 075 3608,Kulissenschalldämpfer rechteckig Druckdifferenz bis 30Pa Gehäuse Stahl verz Kulissenrahmen Stahl verz STLB-Bau 2023-10 075 3608,Kulissenschalldämpfer rechteckig Druckdifferenz bis 30Pa Gehäuse Stahl verz Kulissenrahmen Stahl verz STLB-Bau 2023-10 075 3608
