Pos-Nr. (Pos- Nr.),Menge,Einheit,Einheitspreis in Gesamtpreis
2.17.19,"EUR EUR 20,000 m2 *** Wiederholungsbeschreibung zu Bezugs-OZ 2.17.13 Formstück Luftltg rechteckig Stahl verz geschweißt Kanten-L 1000-1500mm H bis 3,5m STLB-Bau 2023-10 075 4888 Kantenlänge über 1000 bis 1500 mm, Wanddicke 3 mm,","EUR EUR 20,000 m2 *** Wiederholungsbeschreibung zu Bezugs-OZ 2.17.13 Formstück Luftltg rechteckig Stahl verz geschweißt Kanten-L 1000-1500mm H bis 3,5m STLB-Bau 2023-10 075 4888 Kantenlänge über 1000 bis 1500 mm, Wanddicke 3 mm,","EUR EUR 20,000 m2 *** Wiederholungsbeschreibung zu Bezugs-OZ 2.17.13 Formstück Luftltg rechteckig Stahl verz geschweißt Kanten-L 1000-1500mm H bis 3,5m STLB-Bau 2023-10 075 4888 Kantenlänge über 1000 bis 1500 mm, Wanddicke 3 mm,"
2.17.20,"*** Wiederholungsbeschreibung zu Bezugs-OZ 2.17.13 Formstück Luftltg rechteckig Stahl verz geschweißt Kanten-L 1000-1500mm H 3,5-5m STLB-Bau 2023-10 075 4888 Kantenlänge über 1000 bis 1500 mm, Wanddicke 3 mm, Montagehöhe über Gelände/Fußboden über 3,5 bis 5 m, 25,000 m2","*** Wiederholungsbeschreibung zu Bezugs-OZ 2.17.13 Formstück Luftltg rechteckig Stahl verz geschweißt Kanten-L 1000-1500mm H 3,5-5m STLB-Bau 2023-10 075 4888 Kantenlänge über 1000 bis 1500 mm, Wanddicke 3 mm, Montagehöhe über Gelände/Fußboden über 3,5 bis 5 m, 25,000 m2","*** Wiederholungsbeschreibung zu Bezugs-OZ 2.17.13 Formstück Luftltg rechteckig Stahl verz geschweißt Kanten-L 1000-1500mm H 3,5-5m STLB-Bau 2023-10 075 4888 Kantenlänge über 1000 bis 1500 mm, Wanddicke 3 mm, Montagehöhe über Gelände/Fußboden über 3,5 bis 5 m, 25,000 m2"
2.17.21,"*** Wiederholungsbeschreibung zu Bezugs-OZ 2.17.13 Formstück Luftltg rechteckig Stahl verz geschweißt Kanten-L 1000-1500mm H 5-7m STLB-Bau 2023-10 075 4888 Kantenlänge über 1000 bis 1500 mm, Wanddicke 3 mm, Montagehöhe über Gelände/Fußboden über 5 bis 7 m, 90,000 m2 *** Wiederholungsbeschreibung zu Bezugs-OZ 2.17.13","*** Wiederholungsbeschreibung zu Bezugs-OZ 2.17.13 Formstück Luftltg rechteckig Stahl verz geschweißt Kanten-L 1000-1500mm H 5-7m STLB-Bau 2023-10 075 4888 Kantenlänge über 1000 bis 1500 mm, Wanddicke 3 mm, Montagehöhe über Gelände/Fußboden über 5 bis 7 m, 90,000 m2 *** Wiederholungsbeschreibung zu Bezugs-OZ 2.17.13","*** Wiederholungsbeschreibung zu Bezugs-OZ 2.17.13 Formstück Luftltg rechteckig Stahl verz geschweißt Kanten-L 1000-1500mm H 5-7m STLB-Bau 2023-10 075 4888 Kantenlänge über 1000 bis 1500 mm, Wanddicke 3 mm, Montagehöhe über Gelände/Fußboden über 5 bis 7 m, 90,000 m2 *** Wiederholungsbeschreibung zu Bezugs-OZ 2.17.13"
2.17.22,"Formstück Luftltg rechteckig Stahl verz geschweißt Kanten-L 1500-2000mm H bis 3,5m STLB-Bau 2023-10 075 4888 Kantenlänge über 1500 bis 2000 mm, Wanddicke 3 mm,","Formstück Luftltg rechteckig Stahl verz geschweißt Kanten-L 1500-2000mm H bis 3,5m STLB-Bau 2023-10 075 4888 Kantenlänge über 1500 bis 2000 mm, Wanddicke 3 mm,","Formstück Luftltg rechteckig Stahl verz geschweißt Kanten-L 1500-2000mm H bis 3,5m STLB-Bau 2023-10 075 4888 Kantenlänge über 1500 bis 2000 mm, Wanddicke 3 mm,"
2.17.23,"*** Wiederholungsbeschreibung zu Bezugs-OZ 2.17.13 Formstück Luftltg rechteckig Stahl verz geschweißt Kanten-L 1500-2000mm H 3,5-5m STLB-Bau 2023-10 075 4888 Kantenlänge über 1500 bis 2000 mm, Wanddicke 3 mm, Montagehöhe über Gelände/Fußboden über 3,5 bis 5 m,","*** Wiederholungsbeschreibung zu Bezugs-OZ 2.17.13 Formstück Luftltg rechteckig Stahl verz geschweißt Kanten-L 1500-2000mm H 3,5-5m STLB-Bau 2023-10 075 4888 Kantenlänge über 1500 bis 2000 mm, Wanddicke 3 mm, Montagehöhe über Gelände/Fußboden über 3,5 bis 5 m,","*** Wiederholungsbeschreibung zu Bezugs-OZ 2.17.13 Formstück Luftltg rechteckig Stahl verz geschweißt Kanten-L 1500-2000mm H 3,5-5m STLB-Bau 2023-10 075 4888 Kantenlänge über 1500 bis 2000 mm, Wanddicke 3 mm, Montagehöhe über Gelände/Fußboden über 3,5 bis 5 m,"
2.17.24,"25,000 m2 *** Wiederholungsbeschreibung zu Bezugs-OZ 2.17.13 Formstück Luftltg rechteckig Stahl verz geschweißt Kanten-L 1500-2000mm H 5-7m STLB-Bau 2023-10 075 4888 Kantenlänge über 1500 bis 2000 mm, Wanddicke 3 mm, Montagehöhe über Gelände/Fußboden über 5 bis 7 m, m2","25,000 m2 *** Wiederholungsbeschreibung zu Bezugs-OZ 2.17.13 Formstück Luftltg rechteckig Stahl verz geschweißt Kanten-L 1500-2000mm H 5-7m STLB-Bau 2023-10 075 4888 Kantenlänge über 1500 bis 2000 mm, Wanddicke 3 mm, Montagehöhe über Gelände/Fußboden über 5 bis 7 m, m2","25,000 m2 *** Wiederholungsbeschreibung zu Bezugs-OZ 2.17.13 Formstück Luftltg rechteckig Stahl verz geschweißt Kanten-L 1500-2000mm H 5-7m STLB-Bau 2023-10 075 4888 Kantenlänge über 1500 bis 2000 mm, Wanddicke 3 mm, Montagehöhe über Gelände/Fußboden über 5 bis 7 m, m2"
2.17.25,"85,000 *** Wiederholungsbeschreibung zu Bezugs-OZ 2.17.13 Formstück Luftltg rechteckig Stahl verz geschweißt Kanten-L ü. 2000mm H 3,5-5m STLB-Bau 2023-10 075 4888 Kantenlänge über 2000 mm, Wanddicke 3 mm, Montagehöhe über Gelände/Fußboden über 3,5 bis 5 m, 5,000 m2 *** Wiederholungsbeschreibung zu Bezugs-OZ 2.17.13 Formstück Luftltg rechteckig Stahl verz geschweißt Kanten-L ü. 2000mm H 5-7m STLB-Bau 2023-10 075 4888 Kantenlänge über 2000 mm, Wanddicke 3 mm, Montagehöhe über Gelände/Fußboden über 5 bis 7 m,","85,000 *** Wiederholungsbeschreibung zu Bezugs-OZ 2.17.13 Formstück Luftltg rechteckig Stahl verz geschweißt Kanten-L ü. 2000mm H 3,5-5m STLB-Bau 2023-10 075 4888 Kantenlänge über 2000 mm, Wanddicke 3 mm, Montagehöhe über Gelände/Fußboden über 3,5 bis 5 m, 5,000 m2 *** Wiederholungsbeschreibung zu Bezugs-OZ 2.17.13 Formstück Luftltg rechteckig Stahl verz geschweißt Kanten-L ü. 2000mm H 5-7m STLB-Bau 2023-10 075 4888 Kantenlänge über 2000 mm, Wanddicke 3 mm, Montagehöhe über Gelände/Fußboden über 5 bis 7 m,","85,000 *** Wiederholungsbeschreibung zu Bezugs-OZ 2.17.13 Formstück Luftltg rechteckig Stahl verz geschweißt Kanten-L ü. 2000mm H 3,5-5m STLB-Bau 2023-10 075 4888 Kantenlänge über 2000 mm, Wanddicke 3 mm, Montagehöhe über Gelände/Fußboden über 3,5 bis 5 m, 5,000 m2 *** Wiederholungsbeschreibung zu Bezugs-OZ 2.17.13 Formstück Luftltg rechteckig Stahl verz geschweißt Kanten-L ü. 2000mm H 5-7m STLB-Bau 2023-10 075 4888 Kantenlänge über 2000 mm, Wanddicke 3 mm, Montagehöhe über Gelände/Fußboden über 5 bis 7 m,"
2.17.26,"10,000 m2","10,000 m2","10,000 m2"
