Pos-Nr. (Pos- Nr.),Menge Einheit,Einheitspreis in EUR Gesamtpreis in EUR,
1.5,Außenluftansaugung,,
1.5.1,Gemäß Ausführungsbeschreibung 1: Außenluftansaugkammer Außenluftansaugkammer für die Zuluftanlagen,,
,"04RLT01 bis 04RLT06, 04RLT08 und 04RLT10 Die Aufstellung der Außenluftkammer erfolgt im Raum 04.102 Lüftungszentrale im 4.OG. Die Hinweise im Vortext zu Transport und Einbringung der Bauteile in die Lüftungzentrale sind zu beachten.","04RLT01 bis 04RLT06, 04RLT08 und 04RLT10 Die Aufstellung der Außenluftkammer erfolgt im Raum 04.102 Lüftungszentrale im 4.OG. Die Hinweise im Vortext zu Transport und Einbringung der Bauteile in die Lüftungzentrale sind zu beachten.","04RLT01 bis 04RLT06, 04RLT08 und 04RLT10 Die Aufstellung der Außenluftkammer erfolgt im Raum 04.102 Lüftungszentrale im 4.OG. Die Hinweise im Vortext zu Transport und Einbringung der Bauteile in die Lüftungzentrale sind zu beachten."
,Aufbau der Gerätesegmente entsprechend der vorstehenden Ausführungs- und Qualitätsbeschreibung zu den Klimaanlagen.,Aufbau der Gerätesegmente entsprechend der vorstehenden Ausführungs- und Qualitätsbeschreibung zu den Klimaanlagen.,Aufbau der Gerätesegmente entsprechend der vorstehenden Ausführungs- und Qualitätsbeschreibung zu den Klimaanlagen.
,Der Aufbau der Kammer erfolgt mit wärmegedämmten Paneelen analog der Modul-/ Segmentaufbauten der Klimageräte. Die Bodenwannen sind aus Edelstahl.,Der Aufbau der Kammer erfolgt mit wärmegedämmten Paneelen analog der Modul-/ Segmentaufbauten der Klimageräte. Die Bodenwannen sind aus Edelstahl.,Der Aufbau der Kammer erfolgt mit wärmegedämmten Paneelen analog der Modul-/ Segmentaufbauten der Klimageräte. Die Bodenwannen sind aus Edelstahl.
,"Die Kammer schließt an eine Öffnung in der nordwestlichen Außenwand an. Die Brüstungshöhe der Öffnung ist mit 25 cm über den Fertigfußboden angegeben. Die Öffnung ist 5,1 m hoch und 9,75 m breit. Sie wird von einer 25 cm dicken Betonstütze in zwei Teile zu 4,3 m und 5,2 m Breite geteilt. Durch das Gewerk Bau erfolgt eine Dämmung der Laibung, sodass das endgültige lichte Maß der Öffnung kleiner wird. Die Fassadenöffnung wird durch das Gewerk Bau mit einer vorgesetzten Lochblechverkleidung mit","Die Kammer schließt an eine Öffnung in der nordwestlichen Außenwand an. Die Brüstungshöhe der Öffnung ist mit 25 cm über den Fertigfußboden angegeben. Die Öffnung ist 5,1 m hoch und 9,75 m breit. Sie wird von einer 25 cm dicken Betonstütze in zwei Teile zu 4,3 m und 5,2 m Breite geteilt. Durch das Gewerk Bau erfolgt eine Dämmung der Laibung, sodass das endgültige lichte Maß der Öffnung kleiner wird. Die Fassadenöffnung wird durch das Gewerk Bau mit einer vorgesetzten Lochblechverkleidung mit","Die Kammer schließt an eine Öffnung in der nordwestlichen Außenwand an. Die Brüstungshöhe der Öffnung ist mit 25 cm über den Fertigfußboden angegeben. Die Öffnung ist 5,1 m hoch und 9,75 m breit. Sie wird von einer 25 cm dicken Betonstütze in zwei Teile zu 4,3 m und 5,2 m Breite geteilt. Durch das Gewerk Bau erfolgt eine Dämmung der Laibung, sodass das endgültige lichte Maß der Öffnung kleiner wird. Die Fassadenöffnung wird durch das Gewerk Bau mit einer vorgesetzten Lochblechverkleidung mit"
,50% freiem Querschnitt versehen.,50% freiem Querschnitt versehen.,50% freiem Querschnitt versehen.
,Die endgültigen baulichen Maße sind an der Fassade direkt abzunehmen. Daraus resultierende kleinere Maßänderungen sind in die Preise einzukalkulieren.,Die endgültigen baulichen Maße sind an der Fassade direkt abzunehmen. Daraus resultierende kleinere Maßänderungen sind in die Preise einzukalkulieren.,Die endgültigen baulichen Maße sind an der Fassade direkt abzunehmen. Daraus resultierende kleinere Maßänderungen sind in die Preise einzukalkulieren.
,Die Außenluftansaugkammer ist für eine Gesamt-Außenluftmenge von ca. 205.600 m³/h konzipiert.,Die Außenluftansaugkammer ist für eine Gesamt-Außenluftmenge von ca. 205.600 m³/h konzipiert.,Die Außenluftansaugkammer ist für eine Gesamt-Außenluftmenge von ca. 205.600 m³/h konzipiert.
,Konstruktive Beschreibung:,Konstruktive Beschreibung:,Konstruktive Beschreibung:
,"Die Kammer steht auf einen Grundrahmen von ca. 300 mm. Die Kammer ist über eine Revisionstür für Inspektions- und Wartungszwecke zu begehen. Innerhalb der Kammer ist ca. 760 mm vor Fassadenanschluss ein Wetterschutzgitter angeordnet, welches die Ansaugkammer teilt. Hier wird eine zweite Revisionstür angeordnet, sodass das Wetterschutzgitter von außen erreichbar ist. Innerhalb der Kammer sind Bodenwannen mit Gefälle vorzusehen. Die Entwässerung erfolgt innen zur Lüftungszentrale. An den Tiefpunkten ist jeweils ein Entwässerungsanschluss mit Siphon vorzusehen, an den das Gewerk Sanitär eine Entwässerungsleitung anschließen kann. Alle Außenluftkanalanschlüsse zu den RLT-Anlagen werden mit Rauchschutzklappen ausgestattet (siehe nachfolgende Positionen).","Die Kammer steht auf einen Grundrahmen von ca. 300 mm. Die Kammer ist über eine Revisionstür für Inspektions- und Wartungszwecke zu begehen. Innerhalb der Kammer ist ca. 760 mm vor Fassadenanschluss ein Wetterschutzgitter angeordnet, welches die Ansaugkammer teilt. Hier wird eine zweite Revisionstür angeordnet, sodass das Wetterschutzgitter von außen erreichbar ist. Innerhalb der Kammer sind Bodenwannen mit Gefälle vorzusehen. Die Entwässerung erfolgt innen zur Lüftungszentrale. An den Tiefpunkten ist jeweils ein Entwässerungsanschluss mit Siphon vorzusehen, an den das Gewerk Sanitär eine Entwässerungsleitung anschließen kann. Alle Außenluftkanalanschlüsse zu den RLT-Anlagen werden mit Rauchschutzklappen ausgestattet (siehe nachfolgende Positionen).","Die Kammer steht auf einen Grundrahmen von ca. 300 mm. Die Kammer ist über eine Revisionstür für Inspektions- und Wartungszwecke zu begehen. Innerhalb der Kammer ist ca. 760 mm vor Fassadenanschluss ein Wetterschutzgitter angeordnet, welches die Ansaugkammer teilt. Hier wird eine zweite Revisionstür angeordnet, sodass das Wetterschutzgitter von außen erreichbar ist. Innerhalb der Kammer sind Bodenwannen mit Gefälle vorzusehen. Die Entwässerung erfolgt innen zur Lüftungszentrale. An den Tiefpunkten ist jeweils ein Entwässerungsanschluss mit Siphon vorzusehen, an den das Gewerk Sanitär eine Entwässerungsleitung anschließen kann. Alle Außenluftkanalanschlüsse zu den RLT-Anlagen werden mit Rauchschutzklappen ausgestattet (siehe nachfolgende Positionen)."
,Kenndaten RLT-Gehäuse DIN EN 1886 Paneelstärke Wand/ Decke: min. 64 mm Paneelstärke Boden: min. 62 mm Thermische Isolierung Klasse: min. T2 Wärmebrückenfaktor Klasse: min. TB2 Mechanische Stabilität Klasse: min. D1,Kenndaten RLT-Gehäuse DIN EN 1886 Paneelstärke Wand/ Decke: min. 64 mm Paneelstärke Boden: min. 62 mm Thermische Isolierung Klasse: min. T2 Wärmebrückenfaktor Klasse: min. TB2 Mechanische Stabilität Klasse: min. D1,Kenndaten RLT-Gehäuse DIN EN 1886 Paneelstärke Wand/ Decke: min. 64 mm Paneelstärke Boden: min. 62 mm Thermische Isolierung Klasse: min. T2 Wärmebrückenfaktor Klasse: min. TB2 Mechanische Stabilität Klasse: min. D1
,Dichtheitsklasse Gehäuse: min. L1 Außenluft Paneele außen: min. verzinkt und beschichtet Paneele innen: min. verzinkt und beschichtet Profile: min. verzinkt Einbauschienen: min. verzinkt Volumenstrom: min. 205.600 m³/h Gerätelänge: max. 2.200 mm Gerätebreite: max. 9.630 mm Gerätehöhe: max. 4.580 mm,Dichtheitsklasse Gehäuse: min. L1 Außenluft Paneele außen: min. verzinkt und beschichtet Paneele innen: min. verzinkt und beschichtet Profile: min. verzinkt Einbauschienen: min. verzinkt Volumenstrom: min. 205.600 m³/h Gerätelänge: max. 2.200 mm Gerätebreite: max. 9.630 mm Gerätehöhe: max. 4.580 mm,Dichtheitsklasse Gehäuse: min. L1 Außenluft Paneele außen: min. verzinkt und beschichtet Paneele innen: min. verzinkt und beschichtet Profile: min. verzinkt Einbauschienen: min. verzinkt Volumenstrom: min. 205.600 m³/h Gerätelänge: max. 2.200 mm Gerätebreite: max. 9.630 mm Gerätehöhe: max. 4.580 mm
,Gewicht: max. 11.000 kg Ansaugsektion Baulänge: min. 765 mm,Gewicht: max. 11.000 kg Ansaugsektion Baulänge: min. 765 mm,Gewicht: max. 11.000 kg Ansaugsektion Baulänge: min. 765 mm
,"Kondensatwanne V2A Leerkammer mit Wetterschutzgitter Baulänge Kammer: min. 612 mm Volumenstrom: 205.600 m³/h Wetterschutzgitter Anströmgeschwindigkeit: 1,7 m/s Max. Anströmgeschwindigkeit: 2,0 m/s Druckverlust: 20 Pa Schalleistung: 40 dB(A)","Kondensatwanne V2A Leerkammer mit Wetterschutzgitter Baulänge Kammer: min. 612 mm Volumenstrom: 205.600 m³/h Wetterschutzgitter Anströmgeschwindigkeit: 1,7 m/s Max. Anströmgeschwindigkeit: 2,0 m/s Druckverlust: 20 Pa Schalleistung: 40 dB(A)","Kondensatwanne V2A Leerkammer mit Wetterschutzgitter Baulänge Kammer: min. 612 mm Volumenstrom: 205.600 m³/h Wetterschutzgitter Anströmgeschwindigkeit: 1,7 m/s Max. Anströmgeschwindigkeit: 2,0 m/s Druckverlust: 20 Pa Schalleistung: 40 dB(A)"
,"Wetterschutzgitter mehrteilig, verzinkt und beschichtet","Wetterschutzgitter mehrteilig, verzinkt und beschichtet","Wetterschutzgitter mehrteilig, verzinkt und beschichtet"
,Vogelschutzgitter,Vogelschutzgitter,Vogelschutzgitter
