*** Bezugsbeschreibung,*** Bezugsbeschreibung,*** Bezugsbeschreibung,*** Bezugsbeschreibung,*** Bezugsbeschreibung,*** Bezugsbeschreibung,*** Bezugsbeschreibung,*** Bezugsbeschreibung,*** Bezugsbeschreibung,*** Bezugsbeschreibung,*** Bezugsbeschreibung,*** Bezugsbeschreibung,*** Bezugsbeschreibung
Ventilatorkonvektor Kühlen 1.120 x 480 Umluft Standgerät,Ventilatorkonvektor Kühlen 1.120 x 480 Umluft Standgerät,Ventilatorkonvektor Kühlen 1.120 x 480 Umluft Standgerät,Ventilatorkonvektor Kühlen 1.120 x 480 Umluft Standgerät,Ventilatorkonvektor Kühlen 1.120 x 480 Umluft Standgerät,Ventilatorkonvektor Kühlen 1.120 x 480 Umluft Standgerät,Ventilatorkonvektor Kühlen 1.120 x 480 Umluft Standgerät,Ventilatorkonvektor Kühlen 1.120 x 480 Umluft Standgerät,Ventilatorkonvektor Kühlen 1.120 x 480 Umluft Standgerät,Ventilatorkonvektor Kühlen 1.120 x 480 Umluft Standgerät,Ventilatorkonvektor Kühlen 1.120 x 480 Umluft Standgerät,Ventilatorkonvektor Kühlen 1.120 x 480 Umluft Standgerät,Ventilatorkonvektor Kühlen 1.120 x 480 Umluft Standgerät
"Ventilatorkonvektor zum Kühlen im 2-Leiter-System, mit Umluftbetrieb, vertikale Montage Luftrichtung, Umlenkung 90°","Ventilatorkonvektor zum Kühlen im 2-Leiter-System, mit Umluftbetrieb, vertikale Montage Luftrichtung, Umlenkung 90°","Ventilatorkonvektor zum Kühlen im 2-Leiter-System, mit Umluftbetrieb, vertikale Montage Luftrichtung, Umlenkung 90°","Ventilatorkonvektor zum Kühlen im 2-Leiter-System, mit Umluftbetrieb, vertikale Montage Luftrichtung, Umlenkung 90°","Ventilatorkonvektor zum Kühlen im 2-Leiter-System, mit Umluftbetrieb, vertikale Montage Luftrichtung, Umlenkung 90°","Ventilatorkonvektor zum Kühlen im 2-Leiter-System, mit Umluftbetrieb, vertikale Montage Luftrichtung, Umlenkung 90°","Ventilatorkonvektor zum Kühlen im 2-Leiter-System, mit Umluftbetrieb, vertikale Montage Luftrichtung, Umlenkung 90°","Ventilatorkonvektor zum Kühlen im 2-Leiter-System, mit Umluftbetrieb, vertikale Montage Luftrichtung, Umlenkung 90°","Ventilatorkonvektor zum Kühlen im 2-Leiter-System, mit Umluftbetrieb, vertikale Montage Luftrichtung, Umlenkung 90°","Ventilatorkonvektor zum Kühlen im 2-Leiter-System, mit Umluftbetrieb, vertikale Montage Luftrichtung, Umlenkung 90°","Ventilatorkonvektor zum Kühlen im 2-Leiter-System, mit Umluftbetrieb, vertikale Montage Luftrichtung, Umlenkung 90°","Ventilatorkonvektor zum Kühlen im 2-Leiter-System, mit Umluftbetrieb, vertikale Montage Luftrichtung, Umlenkung 90°","Ventilatorkonvektor zum Kühlen im 2-Leiter-System, mit Umluftbetrieb, vertikale Montage Luftrichtung, Umlenkung 90°"
- Umluft vorne,- Umluft vorne,- Umluft vorne,- Umluft vorne,- Umluft vorne,- Umluft vorne,- Umluft vorne,- Umluft vorne,- Umluft vorne,- Umluft vorne,- Umluft vorne,- Umluft vorne,- Umluft vorne
- Zuluft oben,- Zuluft oben,- Zuluft oben,- Zuluft oben,- Zuluft oben,- Zuluft oben,- Zuluft oben,- Zuluft oben,- Zuluft oben,- Zuluft oben,- Zuluft oben,- Zuluft oben,- Zuluft oben
Wärmeaustauscher,Wärmeaustauscher,Wärmeaustauscher,Wärmeaustauscher,Wärmeaustauscher,Wärmeaustauscher,Wärmeaustauscher,Wärmeaustauscher,Wärmeaustauscher,Wärmeaustauscher,Wärmeaustauscher,Wärmeaustauscher,Wärmeaustauscher
- 4 Rohrreihen Kühlen,- 4 Rohrreihen Kühlen,- 4 Rohrreihen Kühlen,- 4 Rohrreihen Kühlen,- 4 Rohrreihen Kühlen,- 4 Rohrreihen Kühlen,- 4 Rohrreihen Kühlen,- 4 Rohrreihen Kühlen,- 4 Rohrreihen Kühlen,- 4 Rohrreihen Kühlen,- 4 Rohrreihen Kühlen,- 4 Rohrreihen Kühlen,- 4 Rohrreihen Kühlen
Technische Daten,Technische Daten,Technische Daten,Technische Daten,Technische Daten,Technische Daten,Technische Daten,Technische Daten,Technische Daten,Technische Daten,Technische Daten,Technische Daten,Technische Daten
Ventilatoren:,Ventilatoren:,Ventilatoren:,Ventilatoren:,Ventilatoren:,Ventilatoren:,Ventilatoren:,Ventilatoren:,Ventilatoren:,Ventilatoren:,Ventilatoren:,Ventilatoren:,Ventilatoren:
Stromaufnahme max. [A]:,Stromaufnahme max. [A]:,Stromaufnahme max. [A]:,Stromaufnahme max. [A]:,Stromaufnahme max. [A]:,Stromaufnahme max. [A]:,Stromaufnahme max. [A]:,Stromaufnahme max. [A]:,Stromaufnahme max. [A]:,Stromaufnahme max. [A]:,Stromaufnahme max. [A]:,Stromaufnahme max. [A]:,Stromaufnahme max. [A]:
Spannung/Frequenz [V/Hz]:,Spannung/Frequenz [V/Hz]:,Spannung/Frequenz [V/Hz]:,Spannung/Frequenz [V/Hz]:,Spannung/Frequenz [V/Hz]:,Spannung/Frequenz [V/Hz]:,Spannung/Frequenz [V/Hz]:,Spannung/Frequenz [V/Hz]:,Spannung/Frequenz [V/Hz]:,Spannung/Frequenz [V/Hz]:,Spannung/Frequenz [V/Hz]:,Spannung/Frequenz [V/Hz]:,Spannung/Frequenz [V/Hz]:
Drehzahlstufe: 1,Drehzahlstufe: 1,Drehzahlstufe: 1,Drehzahlstufe: 1,Drehzahlstufe: 1,Drehzahlstufe: 1,Drehzahlstufe: 1,Drehzahlstufe: 1,Drehzahlstufe: 1,Drehzahlstufe: 1,Drehzahlstufe: 1,Drehzahlstufe: 1,Drehzahlstufe: 1
Luftvolumenstrom [m³/h]:,Luftvolumenstrom [m³/h]:,Luftvolumenstrom [m³/h]:,Luftvolumenstrom [m³/h]:,Luftvolumenstrom [m³/h]:,Luftvolumenstrom [m³/h]:,Luftvolumenstrom [m³/h]:,Luftvolumenstrom [m³/h]:,Luftvolumenstrom [m³/h]:,Luftvolumenstrom [m³/h]:,Luftvolumenstrom [m³/h]:,Luftvolumenstrom [m³/h]:,Luftvolumenstrom [m³/h]:
Leistungsaufnahme [W]: 6,Leistungsaufnahme [W]: 6,Leistungsaufnahme [W]: 6,Leistungsaufnahme [W]: 6,Leistungsaufnahme [W]: 6,Leistungsaufnahme [W]: 6,Leistungsaufnahme [W]: 6,Leistungsaufnahme [W]: 6,Leistungsaufnahme [W]: 6,Leistungsaufnahme [W]: 6,Leistungsaufnahme [W]: 6,Leistungsaufnahme [W]: 6,Leistungsaufnahme [W]: 6
"SFPv [kW/(m³/s)]: 0,08","SFPv [kW/(m³/s)]: 0,08","SFPv [kW/(m³/s)]: 0,08","SFPv [kW/(m³/s)]: 0,08","SFPv [kW/(m³/s)]: 0,08","SFPv [kW/(m³/s)]: 0,08","SFPv [kW/(m³/s)]: 0,08","SFPv [kW/(m³/s)]: 0,08","SFPv [kW/(m³/s)]: 0,08","SFPv [kW/(m³/s)]: 0,08","SFPv [kW/(m³/s)]: 0,08","SFPv [kW/(m³/s)]: 0,08","SFPv [kW/(m³/s)]: 0,08"
"Stromaufnahme [A]: 0,06","Stromaufnahme [A]: 0,06","Stromaufnahme [A]: 0,06","Stromaufnahme [A]: 0,06","Stromaufnahme [A]: 0,06","Stromaufnahme [A]: 0,06","Stromaufnahme [A]: 0,06","Stromaufnahme [A]: 0,06","Stromaufnahme [A]: 0,06","Stromaufnahme [A]: 0,06","Stromaufnahme [A]: 0,06","Stromaufnahme [A]: 0,06","Stromaufnahme [A]: 0,06"
Steuerspannung EC Motor,Steuerspannung EC Motor,Steuerspannung EC Motor,Steuerspannung EC Motor,Steuerspannung EC Motor,Steuerspannung EC Motor,Steuerspannung EC Motor,Steuerspannung EC Motor,Steuerspannung EC Motor,Steuerspannung EC Motor,Steuerspannung EC Motor,Steuerspannung EC Motor,Steuerspannung EC Motor
Drehzahlstufe: 3,Drehzahlstufe: 3,Drehzahlstufe: 3,Drehzahlstufe: 3,Drehzahlstufe: 3,Drehzahlstufe: 3,Drehzahlstufe: 3,Drehzahlstufe: 3,Drehzahlstufe: 3,Drehzahlstufe: 3,Drehzahlstufe: 3,Drehzahlstufe: 3,Drehzahlstufe: 3
Luftvolumenstrom [m³/h]:,Luftvolumenstrom [m³/h]:,Luftvolumenstrom [m³/h]:,Luftvolumenstrom [m³/h]:,Luftvolumenstrom [m³/h]:,Luftvolumenstrom [m³/h]:,Luftvolumenstrom [m³/h]:,Luftvolumenstrom [m³/h]:,Luftvolumenstrom [m³/h]:,Luftvolumenstrom [m³/h]:,Luftvolumenstrom [m³/h]:,Luftvolumenstrom [m³/h]:,Luftvolumenstrom [m³/h]:
Leistungsaufnahme [W]:,Leistungsaufnahme [W]:,Leistungsaufnahme [W]:,Leistungsaufnahme [W]:,Leistungsaufnahme [W]:,Leistungsaufnahme [W]:,Leistungsaufnahme [W]:,Leistungsaufnahme [W]:,Leistungsaufnahme [W]:,Leistungsaufnahme [W]:,Leistungsaufnahme [W]:,Leistungsaufnahme [W]:,Leistungsaufnahme [W]:
"SFPv [kW/(m³/s)]: 0,14","SFPv [kW/(m³/s)]: 0,14","SFPv [kW/(m³/s)]: 0,14","SFPv [kW/(m³/s)]: 0,14","SFPv [kW/(m³/s)]: 0,14","SFPv [kW/(m³/s)]: 0,14","SFPv [kW/(m³/s)]: 0,14","SFPv [kW/(m³/s)]: 0,14","SFPv [kW/(m³/s)]: 0,14","SFPv [kW/(m³/s)]: 0,14","SFPv [kW/(m³/s)]: 0,14","SFPv [kW/(m³/s)]: 0,14","SFPv [kW/(m³/s)]: 0,14"
"Stromaufnahme [A]: 0,20","Stromaufnahme [A]: 0,20","Stromaufnahme [A]: 0,20","Stromaufnahme [A]: 0,20","Stromaufnahme [A]: 0,20","Stromaufnahme [A]: 0,20","Stromaufnahme [A]: 0,20","Stromaufnahme [A]: 0,20","Stromaufnahme [A]: 0,20","Stromaufnahme [A]: 0,20","Stromaufnahme [A]: 0,20","Stromaufnahme [A]: 0,20","Stromaufnahme [A]: 0,20"
Steuerspannung EC Motor,Steuerspannung EC Motor,Steuerspannung EC Motor,Steuerspannung EC Motor,Steuerspannung EC Motor,Steuerspannung EC Motor,Steuerspannung EC Motor,Steuerspannung EC Motor,Steuerspannung EC Motor,Steuerspannung EC Motor,Steuerspannung EC Motor,Steuerspannung EC Motor,Steuerspannung EC Motor
Drehzahlstufe: 5,Drehzahlstufe: 5,Drehzahlstufe: 5,Drehzahlstufe: 5,Drehzahlstufe: 5,Drehzahlstufe: 5,Drehzahlstufe: 5,Drehzahlstufe: 5,Drehzahlstufe: 5,Drehzahlstufe: 5,Drehzahlstufe: 5,Drehzahlstufe: 5,Drehzahlstufe: 5
Luftvolumenstrom [m³/h]:,Luftvolumenstrom [m³/h]:,Luftvolumenstrom [m³/h]:,Luftvolumenstrom [m³/h]:,Luftvolumenstrom [m³/h]:,Luftvolumenstrom [m³/h]:,Luftvolumenstrom [m³/h]:,Luftvolumenstrom [m³/h]:,Luftvolumenstrom [m³/h]:,Luftvolumenstrom [m³/h]:,Luftvolumenstrom [m³/h]:,Luftvolumenstrom [m³/h]:,Luftvolumenstrom [m³/h]:
Leistungsaufnahme [W]: 120,Leistungsaufnahme [W]: 120,Leistungsaufnahme [W]: 120,Leistungsaufnahme [W]: 120,Leistungsaufnahme [W]: 120,Leistungsaufnahme [W]: 120,Leistungsaufnahme [W]: 120,Leistungsaufnahme [W]: 120,Leistungsaufnahme [W]: 120,Leistungsaufnahme [W]: 120,Leistungsaufnahme [W]: 120,Leistungsaufnahme [W]: 120,Leistungsaufnahme [W]: 120
"SFPv [kW/(m³/s)]: 0,45","SFPv [kW/(m³/s)]: 0,45","SFPv [kW/(m³/s)]: 0,45","SFPv [kW/(m³/s)]: 0,45","SFPv [kW/(m³/s)]: 0,45","SFPv [kW/(m³/s)]: 0,45","SFPv [kW/(m³/s)]: 0,45","SFPv [kW/(m³/s)]: 0,45","SFPv [kW/(m³/s)]: 0,45","SFPv [kW/(m³/s)]: 0,45","SFPv [kW/(m³/s)]: 0,45","SFPv [kW/(m³/s)]: 0,45","SFPv [kW/(m³/s)]: 0,45"
"Stromaufnahme [A]: 1,09","Stromaufnahme [A]: 1,09","Stromaufnahme [A]: 1,09","Stromaufnahme [A]: 1,09","Stromaufnahme [A]: 1,09","Stromaufnahme [A]: 1,09","Stromaufnahme [A]: 1,09","Stromaufnahme [A]: 1,09","Stromaufnahme [A]: 1,09","Stromaufnahme [A]: 1,09","Stromaufnahme [A]: 1,09","Stromaufnahme [A]: 1,09","Stromaufnahme [A]: 1,09"
Steuerspannung EC Motor Kühlen der Luft:,Steuerspannung EC Motor Kühlen der Luft:,Steuerspannung EC Motor Kühlen der Luft:,Steuerspannung EC Motor Kühlen der Luft:,Steuerspannung EC Motor Kühlen der Luft:,Steuerspannung EC Motor Kühlen der Luft:,Steuerspannung EC Motor Kühlen der Luft:,Steuerspannung EC Motor Kühlen der Luft:,Steuerspannung EC Motor Kühlen der Luft:,Steuerspannung EC Motor Kühlen der Luft:,Steuerspannung EC Motor Kühlen der Luft:,Steuerspannung EC Motor Kühlen der Luft:,Steuerspannung EC Motor Kühlen der Luft:
"Lufttemp. Eintritt [°C]: 24,0 63","Lufttemp. Eintritt [°C]: 24,0 63","Lufttemp. Eintritt [°C]: 24,0 63","Lufttemp. Eintritt [°C]: 24,0 63","Lufttemp. Eintritt [°C]: 24,0 63","Lufttemp. Eintritt [°C]: 24,0 63","Lufttemp. Eintritt [°C]: 24,0 63","Lufttemp. Eintritt [°C]: 24,0 63","Lufttemp. Eintritt [°C]: 24,0 63","Lufttemp. Eintritt [°C]: 24,0 63","Lufttemp. Eintritt [°C]: 24,0 63","Lufttemp. Eintritt [°C]: 24,0 63","Lufttemp. Eintritt [°C]: 24,0 63"
Luftfeuchte Eintritt [%]:,Luftfeuchte Eintritt [%]:,Luftfeuchte Eintritt [%]:,Luftfeuchte Eintritt [%]:,Luftfeuchte Eintritt [%]:,Luftfeuchte Eintritt [%]:,Luftfeuchte Eintritt [%]:,Luftfeuchte Eintritt [%]:,Luftfeuchte Eintritt [%]:,Luftfeuchte Eintritt [%]:,Luftfeuchte Eintritt [%]:,Luftfeuchte Eintritt [%]:,Luftfeuchte Eintritt [%]:
Kühlmedium: Wasser Medium Temp. Eintritt,Kühlmedium: Wasser Medium Temp. Eintritt,Kühlmedium: Wasser Medium Temp. Eintritt,Kühlmedium: Wasser Medium Temp. Eintritt,Kühlmedium: Wasser Medium Temp. Eintritt,Kühlmedium: Wasser Medium Temp. Eintritt,Kühlmedium: Wasser Medium Temp. Eintritt,Kühlmedium: Wasser Medium Temp. Eintritt,Kühlmedium: Wasser Medium Temp. Eintritt,Kühlmedium: Wasser Medium Temp. Eintritt,Kühlmedium: Wasser Medium Temp. Eintritt,Kühlmedium: Wasser Medium Temp. Eintritt,Kühlmedium: Wasser Medium Temp. Eintritt
[°C]:,[°C]:,[°C]:,[°C]:,[°C]:,[°C]:,[°C]:,[°C]:,[°C]:,[°C]:,[°C]:,[°C]:,[°C]:
"12,0 Medium Temp. Austritt [°C]: 18,0 Eurovent Energieklasse: A","12,0 Medium Temp. Austritt [°C]: 18,0 Eurovent Energieklasse: A","12,0 Medium Temp. Austritt [°C]: 18,0 Eurovent Energieklasse: A","12,0 Medium Temp. Austritt [°C]: 18,0 Eurovent Energieklasse: A","12,0 Medium Temp. Austritt [°C]: 18,0 Eurovent Energieklasse: A","12,0 Medium Temp. Austritt [°C]: 18,0 Eurovent Energieklasse: A","12,0 Medium Temp. Austritt [°C]: 18,0 Eurovent Energieklasse: A","12,0 Medium Temp. Austritt [°C]: 18,0 Eurovent Energieklasse: A","12,0 Medium Temp. Austritt [°C]: 18,0 Eurovent Energieklasse: A","12,0 Medium Temp. Austritt [°C]: 18,0 Eurovent Energieklasse: A","12,0 Medium Temp. Austritt [°C]: 18,0 Eurovent Energieklasse: A","12,0 Medium Temp. Austritt [°C]: 18,0 Eurovent Energieklasse: A","12,0 Medium Temp. Austritt [°C]: 18,0 Eurovent Energieklasse: A"
Fan Coil Energy Efficiency Ratio:,Fan Coil Energy Efficiency Ratio:,Fan Coil Energy Efficiency Ratio:,Fan Coil Energy Efficiency Ratio:,Fan Coil Energy Efficiency Ratio:,Fan Coil Energy Efficiency Ratio:,Fan Coil Energy Efficiency Ratio:,Fan Coil Energy Efficiency Ratio:,Fan Coil Energy Efficiency Ratio:,Fan Coil Energy Efficiency Ratio:,Fan Coil Energy Efficiency Ratio:,Fan Coil Energy Efficiency Ratio:,Fan Coil Energy Efficiency Ratio:
Drehzahlstufe: 1,Drehzahlstufe: 1,Drehzahlstufe: 1,Drehzahlstufe: 1,Drehzahlstufe: 1,Drehzahlstufe: 1,Drehzahlstufe: 1,Drehzahlstufe: 1,Drehzahlstufe: 1,Drehzahlstufe: 1,Drehzahlstufe: 1,Drehzahlstufe: 1,Drehzahlstufe: 1
Lufttemp. Austritt [°C]:,Lufttemp. Austritt [°C]:,Lufttemp. Austritt [°C]:,Lufttemp. Austritt [°C]:,Lufttemp. Austritt [°C]:,Lufttemp. Austritt [°C]:,Lufttemp. Austritt [°C]:,Lufttemp. Austritt [°C]:,Lufttemp. Austritt [°C]:,Lufttemp. Austritt [°C]:,Lufttemp. Austritt [°C]:,Lufttemp. Austritt [°C]:,Lufttemp. Austritt [°C]:
"17,0 Luftfeuchte Austritt [%]:","17,0 Luftfeuchte Austritt [%]:","17,0 Luftfeuchte Austritt [%]:","17,0 Luftfeuchte Austritt [%]:","17,0 Luftfeuchte Austritt [%]:","17,0 Luftfeuchte Austritt [%]:","17,0 Luftfeuchte Austritt [%]:","17,0 Luftfeuchte Austritt [%]:","17,0 Luftfeuchte Austritt [%]:","17,0 Luftfeuchte Austritt [%]:","17,0 Luftfeuchte Austritt [%]:","17,0 Luftfeuchte Austritt [%]:","17,0 Luftfeuchte Austritt [%]:"
"Kondensatmenge [g/kg]: 0,4 0,1","Kondensatmenge [g/kg]: 0,4 0,1","Kondensatmenge [g/kg]: 0,4 0,1","Kondensatmenge [g/kg]: 0,4 0,1","Kondensatmenge [g/kg]: 0,4 0,1","Kondensatmenge [g/kg]: 0,4 0,1","Kondensatmenge [g/kg]: 0,4 0,1","Kondensatmenge [g/kg]: 0,4 0,1","Kondensatmenge [g/kg]: 0,4 0,1","Kondensatmenge [g/kg]: 0,4 0,1","Kondensatmenge [g/kg]: 0,4 0,1","Kondensatmenge [g/kg]: 0,4 0,1","Kondensatmenge [g/kg]: 0,4 0,1"
Kondensatmenge [l/h]: Massenstrom [kg/h]:,Kondensatmenge [l/h]: Massenstrom [kg/h]:,Kondensatmenge [l/h]: Massenstrom [kg/h]:,Kondensatmenge [l/h]: Massenstrom [kg/h]:,Kondensatmenge [l/h]: Massenstrom [kg/h]:,Kondensatmenge [l/h]: Massenstrom [kg/h]:,Kondensatmenge [l/h]: Massenstrom [kg/h]:,Kondensatmenge [l/h]: Massenstrom [kg/h]:,Kondensatmenge [l/h]: Massenstrom [kg/h]:,Kondensatmenge [l/h]: Massenstrom [kg/h]:,Kondensatmenge [l/h]: Massenstrom [kg/h]:,Kondensatmenge [l/h]: Massenstrom [kg/h]:,Kondensatmenge [l/h]: Massenstrom [kg/h]:
100,100,100,100,100,100,100,100,100,100,100,100,100
Druckverlust WT [kPa]: Kühlleistung ges. [kW]:,Druckverlust WT [kPa]: Kühlleistung ges. [kW]:,Druckverlust WT [kPa]: Kühlleistung ges. [kW]:,Druckverlust WT [kPa]: Kühlleistung ges. [kW]:,Druckverlust WT [kPa]: Kühlleistung ges. [kW]:,Druckverlust WT [kPa]: Kühlleistung ges. [kW]:,Druckverlust WT [kPa]: Kühlleistung ges. [kW]:,Druckverlust WT [kPa]: Kühlleistung ges. [kW]:,Druckverlust WT [kPa]: Kühlleistung ges. [kW]:,Druckverlust WT [kPa]: Kühlleistung ges. [kW]:,Druckverlust WT [kPa]: Kühlleistung ges. [kW]:,Druckverlust WT [kPa]: Kühlleistung ges. [kW]:,Druckverlust WT [kPa]: Kühlleistung ges. [kW]:
"0,64 0,69 Kühlleistung sens. [kW]: 0,61","0,64 0,69 Kühlleistung sens. [kW]: 0,61","0,64 0,69 Kühlleistung sens. [kW]: 0,61","0,64 0,69 Kühlleistung sens. [kW]: 0,61","0,64 0,69 Kühlleistung sens. [kW]: 0,61","0,64 0,69 Kühlleistung sens. [kW]: 0,61","0,64 0,69 Kühlleistung sens. [kW]: 0,61","0,64 0,69 Kühlleistung sens. [kW]: 0,61","0,64 0,69 Kühlleistung sens. [kW]: 0,61","0,64 0,69 Kühlleistung sens. [kW]: 0,61","0,64 0,69 Kühlleistung sens. [kW]: 0,61","0,64 0,69 Kühlleistung sens. [kW]: 0,61","0,64 0,69 Kühlleistung sens. [kW]: 0,61"
3 Austritt,3 Austritt,3 Austritt,3 Austritt,3 Austritt,3 Austritt,3 Austritt,3 Austritt,3 Austritt,3 Austritt,3 Austritt,3 Austritt,3 Austritt
Drehzahlstufe: Lufttemp. [°C]:,Drehzahlstufe: Lufttemp. [°C]:,Drehzahlstufe: Lufttemp. [°C]:,Drehzahlstufe: Lufttemp. [°C]:,Drehzahlstufe: Lufttemp. [°C]:,Drehzahlstufe: Lufttemp. [°C]:,Drehzahlstufe: Lufttemp. [°C]:,Drehzahlstufe: Lufttemp. [°C]:,Drehzahlstufe: Lufttemp. [°C]:,Drehzahlstufe: Lufttemp. [°C]:,Drehzahlstufe: Lufttemp. [°C]:,Drehzahlstufe: Lufttemp. [°C]:,Drehzahlstufe: Lufttemp. [°C]:
"17,7 Luftfeuchte Austritt [%]:","17,7 Luftfeuchte Austritt [%]:","17,7 Luftfeuchte Austritt [%]:","17,7 Luftfeuchte Austritt [%]:","17,7 Luftfeuchte Austritt [%]:","17,7 Luftfeuchte Austritt [%]:","17,7 Luftfeuchte Austritt [%]:","17,7 Luftfeuchte Austritt [%]:","17,7 Luftfeuchte Austritt [%]:","17,7 Luftfeuchte Austritt [%]:","17,7 Luftfeuchte Austritt [%]:","17,7 Luftfeuchte Austritt [%]:","17,7 Luftfeuchte Austritt [%]:"
"93 Kondensatmenge [g/kg]: 0,3","93 Kondensatmenge [g/kg]: 0,3","93 Kondensatmenge [g/kg]: 0,3","93 Kondensatmenge [g/kg]: 0,3","93 Kondensatmenge [g/kg]: 0,3","93 Kondensatmenge [g/kg]: 0,3","93 Kondensatmenge [g/kg]: 0,3","93 Kondensatmenge [g/kg]: 0,3","93 Kondensatmenge [g/kg]: 0,3","93 Kondensatmenge [g/kg]: 0,3","93 Kondensatmenge [g/kg]: 0,3","93 Kondensatmenge [g/kg]: 0,3","93 Kondensatmenge [g/kg]: 0,3"
"Kondensatmenge [l/h]: 0,1","Kondensatmenge [l/h]: 0,1","Kondensatmenge [l/h]: 0,1","Kondensatmenge [l/h]: 0,1","Kondensatmenge [l/h]: 0,1","Kondensatmenge [l/h]: 0,1","Kondensatmenge [l/h]: 0,1","Kondensatmenge [l/h]: 0,1","Kondensatmenge [l/h]: 0,1","Kondensatmenge [l/h]: 0,1","Kondensatmenge [l/h]: 0,1","Kondensatmenge [l/h]: 0,1","Kondensatmenge [l/h]: 0,1"
Massenstrom [kg/h]: 165 Druckverlust WT [kPa]:,Massenstrom [kg/h]: 165 Druckverlust WT [kPa]:,Massenstrom [kg/h]: 165 Druckverlust WT [kPa]:,Massenstrom [kg/h]: 165 Druckverlust WT [kPa]:,Massenstrom [kg/h]: 165 Druckverlust WT [kPa]:,Massenstrom [kg/h]: 165 Druckverlust WT [kPa]:,Massenstrom [kg/h]: 165 Druckverlust WT [kPa]:,Massenstrom [kg/h]: 165 Druckverlust WT [kPa]:,Massenstrom [kg/h]: 165 Druckverlust WT [kPa]:,Massenstrom [kg/h]: 165 Druckverlust WT [kPa]:,Massenstrom [kg/h]: 165 Druckverlust WT [kPa]:,Massenstrom [kg/h]: 165 Druckverlust WT [kPa]:,Massenstrom [kg/h]: 165 Druckverlust WT [kPa]:
"1,55 Kühlleistung ges. [kW]: 1,14 Kühlleistung sens. [kW]:","1,55 Kühlleistung ges. [kW]: 1,14 Kühlleistung sens. [kW]:","1,55 Kühlleistung ges. [kW]: 1,14 Kühlleistung sens. [kW]:","1,55 Kühlleistung ges. [kW]: 1,14 Kühlleistung sens. [kW]:","1,55 Kühlleistung ges. [kW]: 1,14 Kühlleistung sens. [kW]:","1,55 Kühlleistung ges. [kW]: 1,14 Kühlleistung sens. [kW]:","1,55 Kühlleistung ges. [kW]: 1,14 Kühlleistung sens. [kW]:","1,55 Kühlleistung ges. [kW]: 1,14 Kühlleistung sens. [kW]:","1,55 Kühlleistung ges. [kW]: 1,14 Kühlleistung sens. [kW]:","1,55 Kühlleistung ges. [kW]: 1,14 Kühlleistung sens. [kW]:","1,55 Kühlleistung ges. [kW]: 1,14 Kühlleistung sens. [kW]:","1,55 Kühlleistung ges. [kW]: 1,14 Kühlleistung sens. [kW]:","1,55 Kühlleistung ges. [kW]: 1,14 Kühlleistung sens. [kW]:"
"1,04 Drehzahlstufe: 5","1,04 Drehzahlstufe: 5","1,04 Drehzahlstufe: 5","1,04 Drehzahlstufe: 5","1,04 Drehzahlstufe: 5","1,04 Drehzahlstufe: 5","1,04 Drehzahlstufe: 5","1,04 Drehzahlstufe: 5","1,04 Drehzahlstufe: 5","1,04 Drehzahlstufe: 5","1,04 Drehzahlstufe: 5","1,04 Drehzahlstufe: 5","1,04 Drehzahlstufe: 5"
Kühlen der Luft:,Kühlen der Luft:,Kühlen der Luft:,Kühlen der Luft:,Kühlen der Luft:,Kühlen der Luft:,Kühlen der Luft:,Kühlen der Luft:,Kühlen der Luft:,Kühlen der Luft:,Kühlen der Luft:,Kühlen der Luft:,Kühlen der Luft:
Lufttemp. Austritt [°C]:,Lufttemp. Austritt [°C]:,Lufttemp. Austritt [°C]:,Lufttemp. Austritt [°C]:,Lufttemp. Austritt [°C]:,Lufttemp. Austritt [°C]:,Lufttemp. Austritt [°C]:,Lufttemp. Austritt [°C]:,Lufttemp. Austritt [°C]:,Lufttemp. Austritt [°C]:,Lufttemp. Austritt [°C]:,Lufttemp. Austritt [°C]:,Lufttemp. Austritt [°C]:
"17,9 Luftfeuchte Austritt [%]: 92 Kondensatmenge [g/kg]: 0,2","17,9 Luftfeuchte Austritt [%]: 92 Kondensatmenge [g/kg]: 0,2","17,9 Luftfeuchte Austritt [%]: 92 Kondensatmenge [g/kg]: 0,2","17,9 Luftfeuchte Austritt [%]: 92 Kondensatmenge [g/kg]: 0,2","17,9 Luftfeuchte Austritt [%]: 92 Kondensatmenge [g/kg]: 0,2","17,9 Luftfeuchte Austritt [%]: 92 Kondensatmenge [g/kg]: 0,2","17,9 Luftfeuchte Austritt [%]: 92 Kondensatmenge [g/kg]: 0,2","17,9 Luftfeuchte Austritt [%]: 92 Kondensatmenge [g/kg]: 0,2","17,9 Luftfeuchte Austritt [%]: 92 Kondensatmenge [g/kg]: 0,2","17,9 Luftfeuchte Austritt [%]: 92 Kondensatmenge [g/kg]: 0,2","17,9 Luftfeuchte Austritt [%]: 92 Kondensatmenge [g/kg]: 0,2","17,9 Luftfeuchte Austritt [%]: 92 Kondensatmenge [g/kg]: 0,2","17,9 Luftfeuchte Austritt [%]: 92 Kondensatmenge [g/kg]: 0,2"
"Kondensatmenge [l/h]: 0,3 Massenstrom [kg/h]: 307","Kondensatmenge [l/h]: 0,3 Massenstrom [kg/h]: 307","Kondensatmenge [l/h]: 0,3 Massenstrom [kg/h]: 307","Kondensatmenge [l/h]: 0,3 Massenstrom [kg/h]: 307","Kondensatmenge [l/h]: 0,3 Massenstrom [kg/h]: 307","Kondensatmenge [l/h]: 0,3 Massenstrom [kg/h]: 307","Kondensatmenge [l/h]: 0,3 Massenstrom [kg/h]: 307","Kondensatmenge [l/h]: 0,3 Massenstrom [kg/h]: 307","Kondensatmenge [l/h]: 0,3 Massenstrom [kg/h]: 307","Kondensatmenge [l/h]: 0,3 Massenstrom [kg/h]: 307","Kondensatmenge [l/h]: 0,3 Massenstrom [kg/h]: 307","Kondensatmenge [l/h]: 0,3 Massenstrom [kg/h]: 307","Kondensatmenge [l/h]: 0,3 Massenstrom [kg/h]: 307"
Druckverlust WT [kPa]:,Druckverlust WT [kPa]:,Druckverlust WT [kPa]:,Druckverlust WT [kPa]:,Druckverlust WT [kPa]:,Druckverlust WT [kPa]:,Druckverlust WT [kPa]:,Druckverlust WT [kPa]:,Druckverlust WT [kPa]:,Druckverlust WT [kPa]:,Druckverlust WT [kPa]:,Druckverlust WT [kPa]:,Druckverlust WT [kPa]:
"4,70 Kühlleistung ges. [kW]: Kühlleistung sens. [kW]:","4,70 Kühlleistung ges. [kW]: Kühlleistung sens. [kW]:","4,70 Kühlleistung ges. [kW]: Kühlleistung sens. [kW]:","4,70 Kühlleistung ges. [kW]: Kühlleistung sens. [kW]:","4,70 Kühlleistung ges. [kW]: Kühlleistung sens. [kW]:","4,70 Kühlleistung ges. [kW]: Kühlleistung sens. [kW]:","4,70 Kühlleistung ges. [kW]: Kühlleistung sens. [kW]:","4,70 Kühlleistung ges. [kW]: Kühlleistung sens. [kW]:","4,70 Kühlleistung ges. [kW]: Kühlleistung sens. [kW]:","4,70 Kühlleistung ges. [kW]: Kühlleistung sens. [kW]:","4,70 Kühlleistung ges. [kW]: Kühlleistung sens. [kW]:","4,70 Kühlleistung ges. [kW]: Kühlleistung sens. [kW]:","4,70 Kühlleistung ges. [kW]: Kühlleistung sens. [kW]:"
"2,11 1,95 Schallpegel*) (A-bew. für ein","2,11 1,95 Schallpegel*) (A-bew. für ein","2,11 1,95 Schallpegel*) (A-bew. für ein","2,11 1,95 Schallpegel*) (A-bew. für ein","2,11 1,95 Schallpegel*) (A-bew. für ein","2,11 1,95 Schallpegel*) (A-bew. für ein","2,11 1,95 Schallpegel*) (A-bew. für ein","2,11 1,95 Schallpegel*) (A-bew. für ein","2,11 1,95 Schallpegel*) (A-bew. für ein","2,11 1,95 Schallpegel*) (A-bew. für ein","2,11 1,95 Schallpegel*) (A-bew. für ein","2,11 1,95 Schallpegel*) (A-bew. für ein","2,11 1,95 Schallpegel*) (A-bew. für ein"
Drehzahlstufe: 1 Schallleistung [dB(A)]: 36,Drehzahlstufe: 1 Schallleistung [dB(A)]: 36,Drehzahlstufe: 1 Schallleistung [dB(A)]: 36,Drehzahlstufe: 1 Schallleistung [dB(A)]: 36,Drehzahlstufe: 1 Schallleistung [dB(A)]: 36,Drehzahlstufe: 1 Schallleistung [dB(A)]: 36,Drehzahlstufe: 1 Schallleistung [dB(A)]: 36,Drehzahlstufe: 1 Schallleistung [dB(A)]: 36,Drehzahlstufe: 1 Schallleistung [dB(A)]: 36,Drehzahlstufe: 1 Schallleistung [dB(A)]: 36,Drehzahlstufe: 1 Schallleistung [dB(A)]: 36,Drehzahlstufe: 1 Schallleistung [dB(A)]: 36,Drehzahlstufe: 1 Schallleistung [dB(A)]: 36
Schalldruck [dB(A)]: 28,Schalldruck [dB(A)]: 28,Schalldruck [dB(A)]: 28,Schalldruck [dB(A)]: 28,Schalldruck [dB(A)]: 28,Schalldruck [dB(A)]: 28,Schalldruck [dB(A)]: 28,Schalldruck [dB(A)]: 28,Schalldruck [dB(A)]: 28,Schalldruck [dB(A)]: 28,Schalldruck [dB(A)]: 28,Schalldruck [dB(A)]: 28,Schalldruck [dB(A)]: 28
Drehzahlstufe: 3,Drehzahlstufe: 3,Drehzahlstufe: 3,Drehzahlstufe: 3,Drehzahlstufe: 3,Drehzahlstufe: 3,Drehzahlstufe: 3,Drehzahlstufe: 3,Drehzahlstufe: 3,Drehzahlstufe: 3,Drehzahlstufe: 3,Drehzahlstufe: 3,Drehzahlstufe: 3
Schallleistung [dB(A)]: Schalldruck [dB(A)]: 43,Schallleistung [dB(A)]: Schalldruck [dB(A)]: 43,Schallleistung [dB(A)]: Schalldruck [dB(A)]: 43,Schallleistung [dB(A)]: Schalldruck [dB(A)]: 43,Schallleistung [dB(A)]: Schalldruck [dB(A)]: 43,Schallleistung [dB(A)]: Schalldruck [dB(A)]: 43,Schallleistung [dB(A)]: Schalldruck [dB(A)]: 43,Schallleistung [dB(A)]: Schalldruck [dB(A)]: 43,Schallleistung [dB(A)]: Schalldruck [dB(A)]: 43,Schallleistung [dB(A)]: Schalldruck [dB(A)]: 43,Schallleistung [dB(A)]: Schalldruck [dB(A)]: 43,Schallleistung [dB(A)]: Schalldruck [dB(A)]: 43,Schallleistung [dB(A)]: Schalldruck [dB(A)]: 43
Drehzahlstufe: 5,Drehzahlstufe: 5,Drehzahlstufe: 5,Drehzahlstufe: 5,Drehzahlstufe: 5,Drehzahlstufe: 5,Drehzahlstufe: 5,Drehzahlstufe: 5,Drehzahlstufe: 5,Drehzahlstufe: 5,Drehzahlstufe: 5,Drehzahlstufe: 5,Drehzahlstufe: 5
51 Schallleistung [dB(A)]:,51 Schallleistung [dB(A)]:,51 Schallleistung [dB(A)]:,51 Schallleistung [dB(A)]:,51 Schallleistung [dB(A)]:,51 Schallleistung [dB(A)]:,51 Schallleistung [dB(A)]:,51 Schallleistung [dB(A)]:,51 Schallleistung [dB(A)]:,51 Schallleistung [dB(A)]:,51 Schallleistung [dB(A)]:,51 Schallleistung [dB(A)]:,51 Schallleistung [dB(A)]:
Schalldruck [dB(A)]: 59,Schalldruck [dB(A)]: 59,Schalldruck [dB(A)]: 59,Schalldruck [dB(A)]: 59,Schalldruck [dB(A)]: 59,Schalldruck [dB(A)]: 59,Schalldruck [dB(A)]: 59,Schalldruck [dB(A)]: 59,Schalldruck [dB(A)]: 59,Schalldruck [dB(A)]: 59,Schalldruck [dB(A)]: 59,Schalldruck [dB(A)]: 59,Schalldruck [dB(A)]: 59
68,68,68,68,68,68,68,68,68,68,68,68,68
