Pos-Nr. (Pos- Nr.),Menge Messstutzen Festinstallation,"Einheit 1/2"" PPs,el, luftdicht verschließbar, von Messgeräten und Messwertgebern,",Einheitspreis in EUR Gesamtpreis in EUR Prüfmessgeräten sowie zur erforderlichen Messwerte zur
,Nachprüfung und Dauerkontrolle. Diese sind an den erforderlichen Stellen sowohl in den Lüftungsgeräten als auch in den Kanälen einzusetzen und zu kennzeichnen.,Nachprüfung und Dauerkontrolle. Diese sind an den erforderlichen Stellen sowohl in den Lüftungsgeräten als auch in den Kanälen einzusetzen und zu kennzeichnen.,Nachprüfung und Dauerkontrolle. Diese sind an den erforderlichen Stellen sowohl in den Lüftungsgeräten als auch in den Kanälen einzusetzen und zu kennzeichnen.
,"15,000",St,
2.16.124,Entwässerungsstutzen DN 25 PPs-el Entwässerungsstutzen DN 25 zum Ableiten von Kondensat aus den Kanälen. Wasserdicht eingebaut,Entwässerungsstutzen DN 25 PPs-el Entwässerungsstutzen DN 25 zum Ableiten von Kondensat aus den Kanälen. Wasserdicht eingebaut,Entwässerungsstutzen DN 25 PPs-el Entwässerungsstutzen DN 25 zum Ableiten von Kondensat aus den Kanälen. Wasserdicht eingebaut
,"und an zugänglicher Stelle plaziert, jeweils am Tiefpunkt. Material aus PPs,el mit Außengewinde und Verschlusskappe DN 25.","und an zugänglicher Stelle plaziert, jeweils am Tiefpunkt. Material aus PPs,el mit Außengewinde und Verschlusskappe DN 25.","und an zugänglicher Stelle plaziert, jeweils am Tiefpunkt. Material aus PPs,el mit Außengewinde und Verschlusskappe DN 25."
,"15,000 St","15,000 St","15,000 St"
