Pos-Nr. Nr.),Menge Einheit Einheitspreis in EUR,Gesamtpreis in EUR
6.3.6,"*** Wiederholungsbeschreibung zu Bezugs-OZ 6.3.5 Bezeichnungsschild, ALU, H 100mm B 140mm mit Schildträger Beschriftung 3-zeilig, Höhe 100 mm, Breite 140 mm",
6.3.7,"Bezeichnungsschild, ALU, H 100mm B 150mm mit Schildträger Beschriftung 3-zeilig, Höhe 100 mm, Breite 150 mm 40,000 St",
6.3.8,"Bezeichnungsschild Schicht-Pressstoff Kunststoffabdeck. H 37mm B 37mm kleben STLB-Bau 2023-10 042 1398 Bezeichnungsschild DIN 825, Farbe und Beschriftung nach Angaben des AG, aus Schicht-Pressstoff mit Kunststoffabdeckung, Beschriftung 2-zeilig, geprägt, rechteckig, Höhe 37 mm, Breite 37 Befestigung durch Kleben.","mm,"
6.3.9,"Bezeichnungsschild für Brandschutzklappen Vorgaben der Abteilung Gebäudemanagement der FAU zu Schilder an den Brandschutzklappen Ausführung: graviertes Schild rot mit weißer Schrift Befestigung: geschraubt Abmessung: mind. 15 cm x 8 cm Schrifthöhe: mind. 1 cm Die Schriftgröße ist so zu wählen, dass die Schilder vom Boden aus ohne Hilfsmittel lesbar sind. Beschriftung 1.Zeile: Raumnummer - Zuluft/Abluft- Hauptanlagennummer - Brandschutzklappe (BSK) mit fortlaufender eindeutiger BSK-Nr. des Lüftungsbauers 2.Zeile: Benutzeradresse 3.Zeile: Eingangsadresse der AS Die Angaben zur Beschriftung übergibt der AN Gebäude- automation an die ausführende Lüftungsfirma.",
6.3.10,"400,000 St Luftleitungskennzeichnung Luftleitungskennzeichnung mit Bezeichnungsschildern gemäß VDI 3803, Anhang B in den Zentralen, Schächten und Etagenverteilungen. Die Kennzeichnung geschieht nach Luftart und Luftrichtung mit Luftrichtungspfeil als Aufkleber, selbstklebend, bis 3,5 m Höhe.",
6.3.11,"700,000 St Luftleitungskennzeichnung Luftleitungskennzeichnung mit Bezeichnungsschildern gemäß VDI 3803, Anhang B in den Zentralen, Schächten und Etagenverteilungen.Die Kennzeichnung geschieht nach Luftart und Luftrichtung mit Luftrichtungspfeil als Aufkleber, selbstklebend, über 3,5 m bis 5,5 m Höhe. Breite mindestens 180 mm, Höhe mindestens 36 mm.",
6.3.12,"300,000 St Provisorische Beschilderung für Brandschutzklappen und Volumenstromregler Alle Brandschutzklappen und variablen Volumenstromregler sind bei Einbau über eine provisorische Beschilderung, z.B. mittels Kreppband, mit dem zugehörigen Anlagenkennzeichnungssystem zu beschriften. Die Beschriftung besteht mindestens aus der Anlagennummer (z.B. 04RLT01) und der fortlaufenden Nummer des Bauteils (z.B. BSK301). Die Position beinhaltet ebenfalls die rückstandslose Entfernung der provisorischen Beschilderung nach Anbringung der dauerhaften Beschilderung. 860,000 St",
