Pos-Nr. (Pos- Nr.),Menge max. Volumenstrom,"Einheit rund, mit Absperrfunktion,","Einheitspreis in Gesamtpreis in EUR DIN EN 1751, DN 100, Dichtungsband,"
,"Gehäuse aus verzinktem Stahl, mit Einsteckenden, geschraubt/genietet, mit Klappenwellen wartungsfrei gelagert, Klappen/-blatt aus verzinktem Stahl, mit elektrischem Stellantrieb, mit Differenzdruck-Messwertgeber, Sollwert geregelt, Sollwerteinstellung werkseitig, Volumenstrommessung und Einstellung nachträglich möglich, Parametrierung Vmin / Vmax muss über ISP / GLT möglich sein Volumenstromregelbereich: 25 - 100% Nennvolumenstrom Differenzdruckbereich: 50 - 1.000 Pa mit Regler, mit Ist-Wert-Fernanzeige, Versorgungsspannung 24V AC/DC, Signalspannung 0-10V DC, mit externen, potentialfreien Schaltern mögliche Zwangssteuerung: 'AUF', 'ZU', 'Vpkt-min und Vpkt-max'. Potentiometer zur Einstellung, Von außen sichtbare Kontrollleuchten zur Signalisierung der Funktionen 'ausgeregelt', 'nicht geregelt', 'Spannungsausfall'.","Gehäuse aus verzinktem Stahl, mit Einsteckenden, geschraubt/genietet, mit Klappenwellen wartungsfrei gelagert, Klappen/-blatt aus verzinktem Stahl, mit elektrischem Stellantrieb, mit Differenzdruck-Messwertgeber, Sollwert geregelt, Sollwerteinstellung werkseitig, Volumenstrommessung und Einstellung nachträglich möglich, Parametrierung Vmin / Vmax muss über ISP / GLT möglich sein Volumenstromregelbereich: 25 - 100% Nennvolumenstrom Differenzdruckbereich: 50 - 1.000 Pa mit Regler, mit Ist-Wert-Fernanzeige, Versorgungsspannung 24V AC/DC, Signalspannung 0-10V DC, mit externen, potentialfreien Schaltern mögliche Zwangssteuerung: 'AUF', 'ZU', 'Vpkt-min und Vpkt-max'. Potentiometer zur Einstellung, Von außen sichtbare Kontrollleuchten zur Signalisierung der Funktionen 'ausgeregelt', 'nicht geregelt', 'Spannungsausfall'.","Gehäuse aus verzinktem Stahl, mit Einsteckenden, geschraubt/genietet, mit Klappenwellen wartungsfrei gelagert, Klappen/-blatt aus verzinktem Stahl, mit elektrischem Stellantrieb, mit Differenzdruck-Messwertgeber, Sollwert geregelt, Sollwerteinstellung werkseitig, Volumenstrommessung und Einstellung nachträglich möglich, Parametrierung Vmin / Vmax muss über ISP / GLT möglich sein Volumenstromregelbereich: 25 - 100% Nennvolumenstrom Differenzdruckbereich: 50 - 1.000 Pa mit Regler, mit Ist-Wert-Fernanzeige, Versorgungsspannung 24V AC/DC, Signalspannung 0-10V DC, mit externen, potentialfreien Schaltern mögliche Zwangssteuerung: 'AUF', 'ZU', 'Vpkt-min und Vpkt-max'. Potentiometer zur Einstellung, Von außen sichtbare Kontrollleuchten zur Signalisierung der Funktionen 'ausgeregelt', 'nicht geregelt', 'Spannungsausfall'."
1.10.9,"*** Wiederholungsbeschreibung zu Bezugs-OZ 1.10.8 Volumenstromregler DN125 Gehäuse Stahl verz Min. Volumenstrom 50 m3/h, max. Volumenstrom 290 m3/h, DN 125","*** Wiederholungsbeschreibung zu Bezugs-OZ 1.10.8 Volumenstromregler DN125 Gehäuse Stahl verz Min. Volumenstrom 50 m3/h, max. Volumenstrom 290 m3/h, DN 125","*** Wiederholungsbeschreibung zu Bezugs-OZ 1.10.8 Volumenstromregler DN125 Gehäuse Stahl verz Min. Volumenstrom 50 m3/h, max. Volumenstrom 290 m3/h, DN 125"
1.10.10,"*** Wiederholungsbeschreibung zu Bezugs-OZ 1.10.8 Volumenstromregler DN160 Gehäuse Stahl verz Min. Volumenstrom 110 m3/h, max. Volumenstrom 460 m3/h, DN 160","*** Wiederholungsbeschreibung zu Bezugs-OZ 1.10.8 Volumenstromregler DN160 Gehäuse Stahl verz Min. Volumenstrom 110 m3/h, max. Volumenstrom 460 m3/h, DN 160","*** Wiederholungsbeschreibung zu Bezugs-OZ 1.10.8 Volumenstromregler DN160 Gehäuse Stahl verz Min. Volumenstrom 110 m3/h, max. Volumenstrom 460 m3/h, DN 160"
1.10.11,"*** Wiederholungsbeschreibung zu Bezugs-OZ 1.10.8 Volumenstromregler DN200 Gehäuse Stahl verz Min. Volumenstrom 160 m3/h, max. Volumenstrom 660 m3/h, DN 200 4,000 St","*** Wiederholungsbeschreibung zu Bezugs-OZ 1.10.8 Volumenstromregler DN200 Gehäuse Stahl verz Min. Volumenstrom 160 m3/h, max. Volumenstrom 660 m3/h, DN 200 4,000 St","*** Wiederholungsbeschreibung zu Bezugs-OZ 1.10.8 Volumenstromregler DN200 Gehäuse Stahl verz Min. Volumenstrom 160 m3/h, max. Volumenstrom 660 m3/h, DN 200 4,000 St"
