Pos-Nr. Nr.),(Pos-,Menge Einheit,Einheitspreis in EUR,Gesamtpreis in EUR
1.2.3,,"2,000 St",,
,,"Schwingungsgedämpfte Aufstellung Klimagerät Körperschalldämmung und Schwingungsentkopplung für die Geräteaufstellung der zuvor beschriebenen Abluftanlage 04RLT07. Unter den Gerätegrundrahmen sind Isolierschichten aus elastischen Material in Mehrschichtanordnung anzubringen, Breite ca. 140 mm, Höhe ca. 50 mm (2 x 25mm). Die Dimensionierung der Unterlegelemente erfolgt in Abhängigkeit der Lasten der einzelnen Klimablöcke und ist im Rahmen der Werkstatt- und Montageplanung rechnerisch nachzuweisen. Unterlegelemente für die Anlage 04RLT07.","Schwingungsgedämpfte Aufstellung Klimagerät Körperschalldämmung und Schwingungsentkopplung für die Geräteaufstellung der zuvor beschriebenen Abluftanlage 04RLT07. Unter den Gerätegrundrahmen sind Isolierschichten aus elastischen Material in Mehrschichtanordnung anzubringen, Breite ca. 140 mm, Höhe ca. 50 mm (2 x 25mm). Die Dimensionierung der Unterlegelemente erfolgt in Abhängigkeit der Lasten der einzelnen Klimablöcke und ist im Rahmen der Werkstatt- und Montageplanung rechnerisch nachzuweisen. Unterlegelemente für die Anlage 04RLT07.","Schwingungsgedämpfte Aufstellung Klimagerät Körperschalldämmung und Schwingungsentkopplung für die Geräteaufstellung der zuvor beschriebenen Abluftanlage 04RLT07. Unter den Gerätegrundrahmen sind Isolierschichten aus elastischen Material in Mehrschichtanordnung anzubringen, Breite ca. 140 mm, Höhe ca. 50 mm (2 x 25mm). Die Dimensionierung der Unterlegelemente erfolgt in Abhängigkeit der Lasten der einzelnen Klimablöcke und ist im Rahmen der Werkstatt- und Montageplanung rechnerisch nachzuweisen. Unterlegelemente für die Anlage 04RLT07."
1.2.4,,"1,000 St Lastverteilplatten Klimagerät Zur Lastverteilung werden die",,
,,"Klimageräte auf Stahlplatten aufgestellt. Es sind dafür Stahlplatten aus Stahl, verzinkt zu verwenden, als Unterlegstreifen unter der Schwingungsentkopplung des Klimagerätes, mit einer Breite von ca. 200 mm, Dicke ca. 6 mm, Stahlblechstreifen geschnitten und entgratet, die Verzinkung erfolgt nach dem Entgraten.","Klimageräte auf Stahlplatten aufgestellt. Es sind dafür Stahlplatten aus Stahl, verzinkt zu verwenden, als Unterlegstreifen unter der Schwingungsentkopplung des Klimagerätes, mit einer Breite von ca. 200 mm, Dicke ca. 6 mm, Stahlblechstreifen geschnitten und entgratet, die Verzinkung erfolgt nach dem Entgraten.","Klimageräte auf Stahlplatten aufgestellt. Es sind dafür Stahlplatten aus Stahl, verzinkt zu verwenden, als Unterlegstreifen unter der Schwingungsentkopplung des Klimagerätes, mit einer Breite von ca. 200 mm, Dicke ca. 6 mm, Stahlblechstreifen geschnitten und entgratet, die Verzinkung erfolgt nach dem Entgraten."
1.2.5,,"Stillstandswartung 04RLT07 Stillstandswartung für die Anlagen 04RLT07 Bei der Stillstandswartung sind alle drehenden Teile wie Ventilator, Rotor, zu bewegen und ggf. nachzuschmieren. Eine Stillstandswartung ist alle drei Inbetriebnahme durchzuführen. Über die durchgeführten Stillstandswartungen fortlaufendes Protokoll zu erstellen. Inklusive separater Anreisen.",ist,Jalousieklappe usw. Monate bis zur ein
